DATE,RENT,tripduration,id,AWND,PRCP,SNOW,SNWD,TMAX,TMIN,WDF2,WDF5,WSF2,WSF5
7/1/2013,16650,16293678,1,3.13,0.84,0,0,77,72,230,210,14.1,25.9
7/2/2013,22745,21792657,2,2.68,0.08,0,0,82,72,240,250,12.1,21.9
7/3/2013,21864,21302718,3,4.25,0.53,0,0,83,73,240,250,12.1,18.1
7/4/2013,22326,28423419,4,4.25,0,0,0,87,75,240,250,14.1,23
7/5/2013,21842,23642362,5,4.92,0,0,0,90,76,250,250,13,19.9
7/6/2013,20467,23733036,6,4.47,0,0,0,92,78,280,260,13,21
7/7/2013,20477,22899417,7,4.25,0,0,0,92,78,270,290,13,23
7/8/2013,21615,27873188,8,4.7,0.22,0,0,89,73,250,250,13,23.9
7/9/2013,26641,25733375,9,3.13,0.23,0,0,88,74,190,170,15,25.1
7/10/2013,25732,23980095,10,4.25,0,0,0,85,75,250,250,13,19.9
7/11/2013,24417,24654286,11,3.8,0,0,0,84,76,50,240,10.1,17
7/12/2013,19006,17829674,12,9.62,0.25,0,0,77,68,70,70,18.1,27.1
7/13/2013,26119,29173347,13,5.37,0.06,0,0,81,67,70,70,13,18.1
7/14/2013,29287,34024473,14,4.03,0,0,0,90,74,250,240,10.1,16.1
7/15/2013,28069,25798132,15,3.58,0,0,0,94,78,60,10,8.9,16.1
7/16/2013,29842,27087973,16,4.7,0,0,0,94,77,50,60,14.1,21
7/17/2013,30550,26889101,17,3.36,0,0,0,97,79,250,240,8.9,16.1
7/18/2013,28869,24909026,18,3.8,0,0,0,98,81,250,280,8.9,15
7/19/2013,26591,23407078,19,5.14,0,0,0,96,83,250,260,15,25.1
7/20/2013,25278,27221102,20,5.82,0,0,0,93,81,250,250,15,25.9
7/21/2013,30297,34007593,21,4.7,0,0,0,89,76,80,50,12.1,17
7/22/2013,25979,22913773,22,4.92,0.06,0,0,86,75,70,70,12.1,17
7/23/2013,32376,30570471,23,4.25,0.31,0,0,87,73,260,270,14.1,23
7/24/2013,35271,32997155,24,4.47,0,0,0,83,68,30,20,14.1,21.9
7/25/2013,31084,27858239,25,8.95,0.01,0,0,68,64,50,50,17,25.1
7/26/2013,34534,32464565,26,5.14,0,0,0,83,65,70,30,13,18.1
7/27/2013,32470,36849031,27,3.36,0,0,0,82,70,160,180,12.1,21
7/28/2013,23508,24744859,28,2.01,0.24,0,0,78,70,160,170,13,19.9
7/29/2013,34915,32872022,29,3.8,0.01,0,0,85,69,280,270,14.1,21.9
7/30/2013,37334,35455756,30,4.03,0,0,0,83,67,290,270,10.1,17
7/31/2013,37261,34412502,31,2.91,0,0,0,83,67,230,260,8.1,17
8/1/2013,20138,16163333,32,2.91,0.65,0,0,76,66,160,180,10.1,16.1
8/2/2013,35792,34554663,33,4.47,0,0,0,83,67,270,250,13,25.1
8/3/2013,29540,32775481,34,3.36,0.06,0,0,78,68,260,250,13,18.1
8/4/2013,35253,41711265,35,5.14,0,0,0,80,66,310,280,13,21.9
8/5/2013,36776,35566298,36,3.36,0,0,0,78,62,360,50,10.1,16.1
8/6/2013,37702,36554061,37,2.68,0,0,0,82,64,210,170,8.9,17
8/7/2013,34396,30310226,38,5.14,0,0,0,80,70,160,190,13,21.9
8/8/2013,28366,24371875,39,4.47,0.46,0,0,81,70,170,170,10.1,19
8/9/2013,29017,26355896,40,4.25,0.05,0,0,85,74,250,260,16.1,21.9
8/10/2013,37201,45630538,41,4.92,0,0,0,83,70,270,270,14.1,21
8/11/2013,33060,38542519,42,2.46,0,0,0,81,65,280,280,8.9,14.1
8/12/2013,31457,28887115,43,2.01,0.05,0,0,82,70,100,100,8.1,13
8/13/2013,22437,21068115,44,2.68,0.85,0,0,77,68,300,290,12.1,18.1
8/14/2013,38150,35605698,45,6.49,0,0,0,74,61,310,310,15,28
8/15/2013,37386,34316703,46,3.58,0,0,0,78,59,290,260,10.1,16.1
8/16/2013,35991,35391496,47,2.01,0,0,0,82,64,280,180,8.1,13
8/17/2013,37285,44975209,48,2.01,0,0,0,84,64,110,200,8.1,11
8/18/2013,27612,28070933,49,2.91,0,0,0,76,68,70,50,10.1,15
8/19/2013,33127,29600197,50,3.36,0,0,0,79,66,250,250,8.9,17
8/20/2013,35843,32204310,51,2.91,0,0,0,88,68,280,280,8.9,14.1
8/21/2013,36315,32890263,52,2.46,0,0,0,90,72,180,250,8.1,14.1
8/22/2013,26629,23015839,53,3.8,0.25,0,0,78,71,260,280,10.1,16.1
8/23/2013,33503,31648170,54,5.59,0,0,0,82,71,40,30,13,19
8/24/2013,32941,35733748,55,4.92,0,0,0,80,65,50,50,14.1,19.9
8/25/2013,31755,36321122,56,4.03,0,0,0,83,64,290,270,10.1,19
8/26/2013,29979,27835419,57,5.82,0.04,0,0,84,68,260,260,14.1,21.9
8/27/2013,34208,30926374,58,4.7,0.01,0,0,87,71,40,40,12.1,17
8/28/2013,28185,23944379,59,2.68,0.43,0,0,86,71,290,280,8.9,14.1
8/29/2013,34215,29383436,60,4.92,0,0,0,80,71,80,80,12.1,18.1
8/30/2013,32318,29947448,61,4.25,0,0,0,85,70,260,260,13,19.9
8/31/2013,25381,27196116,62,4.92,0,0,0,86,73,220,230,13,23.9
9/1/2013,25235,27821423,63,2.46,0,0,0,84,75,240,260,10.1,17
9/2/2013,21416,21662951,64,0.89,0.05,0,0,82,74,150,140,12.1,17
9/3/2013,32411,28076586,65,2.91,0.03,0,0,82,68,300,280,12.1,19
9/4/2013,36798,33276300,66,5.37,0,0,0,82,65,250,250,12.1,18.1
9/5/2013,35825,31378899,67,5.59,0,0,0,80,64,310,20,13,19.9
9/6/2013,35868,31872176,68,3.58,0,0,0,72,57,60,50,12.1,17
9/7/2013,34419,35883497,69,3.36,0,0,0,80,59,270,270,10.1,14.1
9/8/2013,33196,34023165,70,6.49,0,0,0,83,64,30,20,15,25.1
9/9/2013,35394,32412013,71,4.25,0,0,0,73,57,60,180,12.1,17
9/10/2013,36954,32108912,72,5.82,0.01,0,0,87,68,240,250,12.1,21.9
9/11/2013,35812,30144672,73,4.47,0,0,0,96,77,260,250,12.1,21
9/12/2013,31252,25649098,74,4.03,1.6,0,0,87,70,290,290,15,23.9
9/13/2013,36501,32097303,75,5.14,0.06,0,0,77,59,290,300,14.1,23.9
9/14/2013,31607,31652587,76,4.7,0,0,0,67,54,290,270,12.1,19
9/15/2013,31914,33066741,77,3.8,0,0,0,73,51,290,160,8.9,14.1
9/16/2013,31287,25913484,78,4.7,0.03,0,0,73,56,20,20,14.1,21
9/17/2013,38283,31888978,79,4.7,0,0,0,65,50,60,40,17,25.1
9/18/2013,37957,31730672,80,2.68,0,0,0,72,51,250,240,8.9,15
9/19/2013,39200,33197201,81,2.46,0,0,0,78,55,270,170,8.1,13
9/20/2013,39382,34998264,82,3.13,0,0,0,79,60,220,160,8.9,16.1
9/21/2013,31826,32550182,83,4.47,0.72,0,0,77,61,180,180,16.1,28
9/22/2013,29758,29462096,84,5.82,0.45,0,0,69,54,300,290,14.1,23.9
9/23/2013,35152,29256945,85,4.03,0,0,0,66,50,360,290,12.1,19
9/24/2013,38417,31773962,86,4.03,0,0,0,73,47,270,290,12.1,17
9/25/2013,38223,32094525,87,1.79,0,0,0,73,52,280,30,6.9,11
9/26/2013,38189,31587974,88,3.58,0,0,0,71,58,70,20,10.1,16.1
9/27/2013,37412,31942793,89,4.7,0,0,0,69,57,70,60,10.1,14.1
9/28/2013,34931,35681754,90,4.47,0,0,0,73,56,60,80,12.1,17
9/29/2013,32592,32312076,91,3.13,0,0,0,72,57,70,60,8.9,14.1
9/30/2013,37148,30598950,92,3.36,0,0,0,75,56,250,260,12.1,17
10/1/2013,40575,33367851,93,2.01,0,0,0,82,59,280,260,10.1,15
10/2/2013,41383,34547568,94,4.03,0,0,0,83,64,270,270,13,21
10/3/2013,40456,33314648,95,1.57,0,0,0,78,63,260,260,6.9,12.1
10/4/2013,40195,35387019,96,2.91,0,0,0,86,66,60,290,8.9,14.1
10/5/2013,34181,34370650,97,3.58,0,0,0,76,64,150,160,8.1,14.1
10/6/2013,26574,23415163,98,5.82,0,0,0,70,65,140,140,10.1,17
10/7/2013,25016,18989656,99,5.82,0.25,0,0,76,60,270,260,15,29.1
10/8/2013,38365,31719443,100,6.04,0,0,0,67,54,60,30,13,19
10/9/2013,36969,28483629,101,8.5,0,0,0,62,53,60,70,18.1,27.1
10/10/2013,31171,23192620,102,8.95,0,0,0,65,54,70,40,16.1,25.1
10/11/2013,33357,26704081,103,9.4,0.02,0,0,68,60,70,80,17,25.1
10/12/2013,32457,32866556,104,11.18,0,0,0,72,60,60,70,21,29.1
10/13/2013,28832,27593749,105,8.5,0,0,0,65,56,70,80,17,25.9
10/14/2013,33018,27554130,106,2.46,0,0,0,66,52,60,180,8.1,12.1
10/15/2013,37534,30361090,107,2.91,0,0,0,72,53,180,180,8.1,13
10/16/2013,36911,29537701,108,3.13,0,0,0,67,56,80,180,8.1,12.1
10/17/2013,36888,29629875,109,2.68,0.02,0,0,73,61,190,250,8.9,18.1
10/18/2013,38122,31745424,110,6.71,0,0,0,68,55,290,280,15,25.9
10/19/2013,29548,27681570,111,3.36,0.01,0,0,64,52,260,260,10.1,19.9
10/20/2013,29256,27925194,112,5.59,0,0,0,63,50,280,290,14.1,23
10/21/2013,35012,28969487,113,3.8,0,0,0,66,50,210,230,10.1,19
10/22/2013,36338,27432265,114,4.47,0,0,0,67,51,250,250,12.1,19
10/23/2013,32365,23346746,115,4.47,0,0,0,55,45,60,310,14.1,21
10/24/2013,32251,23443785,116,6.71,0,0,0,54,41,290,290,15,23
10/25/2013,30979,23255184,117,5.14,0,0,0,53,40,310,260,15,23
10/26/2013,24569,21484793,118,6.26,0,0,0,55,41,250,250,17,25.9
10/27/2013,23965,21079858,119,5.14,0,0,0,58,46,300,280,13,21.9
10/28/2013,31498,24161306,120,4.47,0,0,0,61,43,270,280,13,21
10/29/2013,33414,25211611,121,4.92,0,0,0,56,44,60,50,10.1,14.1
10/30/2013,35069,25587131,122,2.01,0,0,0,60,47,260,260,8.9,13
10/31/2013,31444,24390555,123,3.58,0.06,0,0,66,53,250,240,13,23
11/1/2013,30384,24853787,124,4.92,0.13,0,0,70,59,280,260,23,44.1
11/2/2013,31013,30866601,125,3.8,0,0,0,68,55,290,290,10.1,18.1
11/3/2013,20798,16551706,126,6.26,0,0,0,55,37,340,350,15,21
11/4/2013,27142,20140878,127,6.49,0,0,0,46,35,50,40,15,23.9
11/5/2013,31493,23079538,128,4.03,0,0,0,55,41,100,100,10.1,14.1
11/6/2013,34826,27176187,129,3.58,0,0,0,61,49,210,190,8.9,19
11/7/2013,25719,18316818,130,6.71,0.13,0,0,64,44,310,310,15,23.9
11/8/2013,28686,21702331,131,8.72,0,0,0,50,40,290,270,16.1,28
11/9/2013,21734,18789155,132,4.92,0,0,0,50,38,250,250,13,23
11/10/2013,19712,16456312,133,7.61,0,0,0,61,44,280,250,18.1,33.1
11/11/2013,27295,20722206,134,6.49,0,0,0,53,43,290,240,16.1,25.9
11/12/2013,19925,13248309,135,6.26,0.03,0,0,52,31,340,340,16.1,29.1
11/13/2013,23633,15775240,136,6.04,0,0,0,39,29,290,300,14.1,21.9
11/14/2013,27040,21136347,137,8.05,0,0,0,52,33,250,250,17,31.1
11/15/2013,29051,22171323,138,4.7,0,0,0,57,44,250,250,13,23
11/16/2013,25194,23145791,139,2.68,0.05,0,0,60,45,250,250,12.1,17
11/17/2013,17995,14541320,140,3.58,0.03,0,0,60,51,170,180,10.1,16.1
11/18/2013,30615,24282295,141,7.38,0.22,0,0,65,51,280,280,19.9,31.1
11/19/2013,27417,18881306,142,9.17,0,0,0,51,36,310,320,19.9,31.1
11/20/2013,26229,17961860,143,6.93,0,0,0,44,32,20,10,15,23
11/21/2013,28752,20308507,144,4.92,0,0,0,52,35,60,240,10.1,14.1
11/22/2013,25448,18466674,145,6.26,0.07,0,0,57,51,260,280,12.1,18.1
11/23/2013,18996,16305965,146,9.62,0,0,0,54,31,290,310,21,34
11/24/2013,9392,6253763,147,12.08,0,0,0,30,23,310,300,25.1,42.9
11/25/2013,19116,12636662,148,5.82,0,0,0,35,23,250,250,15,23
11/26/2013,14999,11736109,149,4.25,0.51,0,0,47,33,60,250,12.1,21
11/27/2013,7976,5276400,150,9.62,1.98,0,0,62,35,280,180,19.9,36.9
11/28/2013,5204,4341789,151,7.16,0,0,0,35,30,280,290,21.9,38.9
11/29/2013,10127,7992871,152,3.8,0,0,0,39,29,360,20,13,19
11/30/2013,9863,8095533,153,5.14,0,0,0,39,25,60,50,12.1,16.1
12/1/2013,13326,10840691,154,1.79,0,0,0,49,36,270,300,6.9,10.1
12/2/2013,24576,18258985,155,3.13,0,0,0,49,41,70,80,8.1,11
12/3/2013,27431,20027981,156,3.13,0,0,0,53,38,260,240,8.1,12.1
12/4/2013,28199,20759996,157,2.91,0,0,0,52,41,60,140,8.1,12.1
12/5/2013,26988,20052824,158,2.46,0.01,0,0,60,48,270,170,8.9,17
12/6/2013,10736,7486385,159,5.82,0.73,0,0,62,37,10,10,15,21.9
12/7/2013,15545,11407373,160,6.04,0.14,0,0,41,32,310,280,13,21.9
12/8/2013,10090,7369221,161,6.26,0.08,0.7,0,33,29,70,60,15,19.9
12/9/2013,14824,9533682,162,6.71,0.3,0,0,39,31,70,60,21.9,31.1
12/10/2013,12850,8908057,163,6.49,0.23,1.4,0,37,30,270,270,14.1,23.9
12/11/2013,18766,13467591,164,7.61,0,0,0,33,27,250,250,15,25.1
12/12/2013,17214,11837757,165,7.38,0,0,0,30,23,260,310,16.1,25.9
12/13/2013,17888,12940190,166,5.59,0,0,0,35,23,250,270,18.1,29.1
12/14/2013,3701,2677013,167,10.07,0.73,5,0,34,22,70,70,21,31.1
12/15/2013,7462,6817050,168,8.72,0.72,0,3,40,30,60,40,21,28
12/16/2013,15562,10478531,169,7.83,0,0,3,33,25,260,290,17,25.9
12/17/2013,7863,5767013,170,6.04,0.19,1.5,3,32,24,20,60,13,17
12/18/2013,14924,10284927,171,6.71,0,0,4,37,23,290,270,14.1,23.9
12/19/2013,18766,12658792,172,4.92,0,0,3,47,30,240,240,15,23.9
12/20/2013,22066,18647352,173,5.14,0,0,3,53,41,240,240,16.1,27.1
12/21/2013,17940,15582457,174,7.83,0.01,0,1,65,51,250,240,16.1,25.9
12/22/2013,15063,13620247,175,5.59,0,0,0,71,61,250,250,16.1,27.1
12/23/2013,6956,4960737,176,4.7,0.51,0,0,64,42,360,350,17,29.1
12/24/2013,11025,8424887,177,8.28,0,0,0,42,26,310,310,18.1,29.1
12/25/2013,3260,2690297,178,4.7,0,0,0,31,19,300,300,21,35.1
12/26/2013,9763,6991326,179,5.37,0,0,0,36,30,290,240,14.1,23
12/27/2013,11720,8745019,180,5.82,0,0,0,40,31,290,250,12.1,19.9
12/28/2013,12022,11725846,181,7.16,0,0,0,55,36,250,240,16.1,27.1
12/29/2013,3775,2753526,182,6.04,1.2,0,0,48,41,60,320,16.1,25.9
12/30/2013,13241,9810344,183,6.26,0,0,0,45,23,300,300,15,25.1
12/31/2013,10424,8280346,184,5.82,0,0,0,32,21,290,280,17,28
1/1/2014,6059,5590316,185,5.59,0,0,0,33,24,280,300,14.1,23
1/2/2014,8600,6697849,186,12.3,0.33,3.1,0,33,18,50,50,21,28
1/3/2014,1144,919012,187,10.51,0.29,3.3,6,18,9,360,310,21,29.1
1/4/2014,2292,2805167,188,4.92,0,0,6,29,8,260,240,8.9,19.9
1/5/2014,2678,2207310,189,3.8,0.14,0,4,40,27,70,240,6.9,17
1/6/2014,9510,7306575,190,8.5,0.36,0,1,55,19,290,300,18.1,29.1
1/7/2014,6267,4550477,191,13.2,0,0,0,19,4,280,270,23,38
1/8/2014,9246,5677115,192,7.16,0,0,0,22,9,290,290,15,23
1/9/2014,13354,8705390,193,2.91,0,0,0,32,22,350,320,12.1,16.1
1/10/2014,9847,6613696,194,3.36,0.11,0,0,37,30,50,160,8.1,11
1/11/2014,7695,5711025,195,7.16,0.5,0,0,58,37,180,170,17,28
1/12/2014,12515,9063164,196,8.28,0.05,0,0,54,38,290,290,19.9,31.1
1/13/2014,20633,14582824,197,5.14,0,0,0,51,37,180,170,14.1,23.9
1/14/2014,9999,6668954,198,4.92,0.38,0,0,52,44,230,250,13,21.9
1/15/2014,21630,15190627,199,2.91,0,0,0,47,39,160,190,12.1,17
1/16/2014,19953,13633968,200,4.03,0,0,0,42,36,10,50,10.1,14.1
1/17/2014,20301,14874215,201,3.58,0,0,0,44,33,170,180,12.1,19
1/18/2014,9438,7975544,202,7.16,0.07,0,0,41,29,290,300,15,25.1
1/19/2014,9028,7370002,203,7.38,0,0,0,38,24,260,250,21,34
1/20/2014,13407,10540565,204,7.38,0,0,0,46,31,270,280,17,30
1/21/2014,3804,3263060,205,10.51,0.46,11,0,31,11,30,40,19.9,30
1/22/2014,2451,2437772,206,8.72,0.02,0.5,11,17,5,360,350,21.9,30
1/23/2014,5071,4686209,207,7.16,0,0,7,20,7,290,280,16.1,25.9
1/24/2014,6176,4830008,208,8.05,0,0,6,20,10,250,240,17,30
1/25/2014,4338,2984605,209,7.61,0.04,1,4,28,19,230,240,17,30
1/26/2014,4980,3574291,210,NA,0,0,4,34,17,280,280,16.1,25.9
1/27/2014,13119,8292608,211,7.83,0,0,3,44,21,300,300,17,30
1/28/2014,10033,8559347,212,6.04,0,0,1,21,12,310,280,15,23.9
1/29/2014,10021,6716754,213,6.49,0.04,0.8,2,23,14,260,250,15,23
1/30/2014,12158,8164306,214,3.8,0,0,1,30,16,270,270,8.9,16.1
1/31/2014,14653,10291516,215,4.92,0,0,1,39,25,260,260,14.1,21
2/1/2014,12771,10475762,216,3.58,0,0,1,45,36,180,190,13,19
2/2/2014,13816,11388439,217,3.13,0,0,1,56,39,360,360,10.1,15
2/3/2014,2600,2073611,218,6.71,1.17,8,1,43,27,20,20,10.1,16.1
2/4/2014,8709,6553869,219,2.24,0,0,8,35,22,60,NA,6.9,NA
2/5/2014,2746,2540986,220,7.16,1.43,4,9,34,29,60,70,15,28
2/6/2014,7196,7489712,221,4.03,0,0,9,32,21,310,310,13,19
2/7/2014,8495,8910799,222,6.71,0,0,9,32,24,280,270,15,23.9
2/8/2014,5986,6241376,223,4.92,0,0,9,29,21,280,270,12.1,17
2/9/2014,4996,5132516,224,3.58,0.1,1.2,8,31,21,270,270,12.1,19.9
2/10/2014,6846,5916545,225,7.16,0,0,10,29,21,310,320,15,25.9
2/11/2014,8343,8235235,226,5.37,0,0,10,26,16,280,270,14.1,19.9
2/12/2014,8580,7249115,227,5.82,0,0,10,25,13,60,50,14.1,19
2/13/2014,876,4263146,228,12.53,1.78,9.5,12,36,24,60,80,25.1,38.9
2/14/2014,3609,6259345,229,10.51,0.3,3,18,40,31,290,280,21.9,38
2/15/2014,2261,2489425,230,9.4,0.13,1.6,18,37,27,60,310,18.1,29.1
2/16/2014,3003,3846266,231,8.95,0,0,18,30,21,310,300,18.1,31.1
2/17/2014,4854,4694306,232,5.37,0,0,17,32,18,310,300,16.1,23.9
2/18/2014,5140,4511696,233,5.14,0.16,1.5,18,39,26,280,280,16.1,30
2/19/2014,8506,7225679,234,5.14,0.26,0,17,45,34,150,290,16.1,25.9
2/20/2014,11792,9603242,235,4.92,0.03,0,15,51,37,160,180,14.1,19.9
2/21/2014,8680,6121807,236,7.38,0.09,0,13,49,36,290,290,21,32
2/22/2014,13044,12891153,237,7.16,0,0,10,54,40,260,260,17,29.1
2/23/2014,13324,12456501,238,5.37,0,0,9,54,43,290,300,18.1,30
2/24/2014,12922,9759142,239,9.4,0,0,6,44,27,320,280,17,28
2/25/2014,12830,8802347,240,6.93,0,0,6,33,24,280,280,18.1,27.1
2/26/2014,11188,7432823,241,5.37,0.03,0.2,6,31,20,320,300,17,29.1
2/27/2014,12036,7591807,242,8.5,0,0,6,34,14,290,290,21,38.9
2/28/2014,9587,6379434,243,4.7,0,0,6,24,9,280,330,15,25.1
3/1/2014,9202,6556222,244,4.47,0,0,6,37,20,260,260,12.1,16.1
3/2/2014,8195,5514981,245,3.8,0,0,5,40,32,260,250,13,19.9
3/3/2014,7708,5298617,246,6.71,0.04,0.1,5,32,17,360,340,16.1,23.9
3/4/2014,10398,6446563,247,4.7,0,0,5,29,13,40,40,13,19
3/5/2014,13801,8710363,248,5.14,0,0,4,39,26,30,40,17,25.1
3/6/2014,12773,7812896,249,8.5,0,0,4,31,16,50,10,17,23
3/7/2014,13304,8817761,250,7.83,0,0,4,37,26,60,50,16.1,21.9
3/8/2014,16350,15564817,251,5.82,0,0,3,57,35,290,290,17,27.1
3/9/2014,12262,9347573,252,6.26,0,0,2,44,36,320,310,15,21.9
3/10/2014,17231,11603314,253,5.37,0,0,1,51,36,260,250,15,28
3/11/2014,24356,18922105,254,4.7,0,0,0,66,45,250,250,13,21.9
3/12/2014,15101,9940915,255,5.37,0.35,0,0,56,32,310,320,19.9,35.1
3/13/2014,10979,7017150,256,14.09,0,0,0,32,18,310,320,23,40
3/14/2014,16299,10678421,257,5.59,0,0,0,46,22,260,250,14.1,23
3/15/2014,18053,16007358,258,8.95,0,0,0,58,42,290,300,21,33.1
3/16/2014,9851,7258136,259,7.61,0,0,0,42,30,310,310,16.1,28
3/17/2014,12503,7967822,260,8.05,0,0,0,35,23,40,10,15,23
3/18/2014,16679,11354281,261,6.93,0,0,0,43,28,60,60,19.9,25.1
3/19/2014,13341,8696324,262,7.16,0.92,0,0,46,32,110,130,15,21
3/20/2014,19695,14141052,263,8.05,0,0,0,54,40,280,280,19.9,32
3/21/2014,20718,15190924,264,7.61,0,0,0,51,39,310,280,16.1,29.1
3/22/2014,19880,19153751,265,6.93,0,0,0,63,41,280,270,18.1,32
3/23/2014,11740,8650834,266,7.38,0,0,0,42,27,310,310,15,23
3/24/2014,13598,8555774,267,6.71,0,0,0,35,21,350,10,15,27.1
3/25/2014,16037,10031071,268,5.82,0,0,0,39,26,50,60,16.1,21.9
3/26/2014,14500,8872389,269,11.86,0,0,0,36,24,310,310,23,38
3/27/2014,16666,11413075,270,6.71,0,0,0,44,22,210,240,14.1,25.9
3/28/2014,18425,13536200,271,5.37,0.04,0,0,62,37,240,260,13,21.9
3/29/2014,4480,2974693,272,10.74,1.81,0,0,59,43,70,60,23,35.1
3/30/2014,7907,6050991,273,10.07,0.35,0,0,49,39,10,30,21,30
3/31/2014,17085,12126672,274,8.28,0.16,0,0,56,36,340,10,13,25.1
4/1/2014,23908,18437929,275,4.7,0,0,0,60,39,20,20,17,23.9
4/2/2014,22515,16213671,276,2.01,0,0,0,54,42,230,240,8.9,14.1
4/3/2014,26321,20359297,277,3.8,0.07,0,0,67,46,190,190,10.1,15
4/4/2014,12566,8055727,278,8.5,0.21,0,0,47,40,90,140,15,23
4/5/2014,18655,16735520,279,8.5,0,0,0,54,40,280,290,19.9,36
4/6/2014,20750,20660433,280,4.25,0,0,0,61,36,280,310,13,18.1
4/7/2014,14677,9971993,281,6.04,0.52,0,0,53,43,70,50,16.1,23
4/8/2014,21884,15953283,282,6.93,0.34,0,0,64,46,290,250,17,30
4/9/2014,26931,20760041,283,6.93,0,0,0,61,45,310,310,17,31.1
4/10/2014,27463,20974155,284,6.93,0,0,0,58,42,170,180,16.1,28
4/11/2014,26798,22205093,285,5.82,0,0,0,75,56,270,260,13,21.9
4/12/2014,27108,28685665,286,4.25,0,0,0,73,50,210,180,14.1,21
4/13/2014,26871,29631153,287,5.82,0,0,0,77,54,180,180,15,23
4/14/2014,28832,25669387,288,7.38,0,0,0,75,59,180,180,17,30
4/15/2014,10523,6664071,289,8.72,0.71,0,0,63,33,310,320,17,30
4/16/2014,20082,14326443,290,7.61,0.05,0,0,49,31,310,300,16.1,31.1
4/17/2014,22282,16623158,291,7.83,0,0,0,48,36,60,50,17,21.9
4/18/2014,20770,15491409,292,5.37,0,0,0,49,35,70,40,14.1,19.9
4/19/2014,24369,26957521,293,5.59,0,0,0,68,41,50,50,16.1,21
4/20/2014,18464,18516217,294,6.26,0,0,0,60,45,70,60,16.1,25.1
4/21/2014,27124,22613575,295,4.25,0,0,0,67,41,150,150,13,18.1
4/22/2014,27259,20781123,296,5.59,0.01,0,0,71,51,240,240,13,21
4/23/2014,26949,20064565,297,9.4,0,0,0,61,44,310,300,21,36
4/24/2014,28107,21949415,298,8.5,0,0,0,62,42,310,310,18.1,31.1
4/25/2014,27919,22663275,299,4.92,0.02,0,0,63,44,170,180,16.1,23
4/26/2014,19899,19294367,300,5.37,0.92,0,0,67,46,170,290,14.1,21
4/27/2014,21926,20812122,301,5.82,0,0,0,59,47,10,300,16.1,21.9
4/28/2014,28557,23033059,302,4.25,0,0,0,67,45,30,40,14.1,19.9
4/29/2014,18404,12156210,303,8.95,0.03,0,0,52,43,110,140,16.1,25.9
4/30/2014,2867,1633398,304,8.28,4.97,0,0,52,41,70,110,18.1,25.9
5/1/2014,26762,22976757,305,4.47,0.12,0,0,78,51,290,300,13,19.9
5/2/2014,32377,27216384,306,4.47,0,0,0,70,56,290,280,16.1,25.9
5/3/2014,25501,27677548,307,3.36,0.08,0,0,71,54,280,290,12.1,19.9
5/4/2014,21277,19706243,308,8.28,0.02,0,0,65,54,280,290,21,34
5/5/2014,30288,26163006,309,7.38,0,0,0,70,50,310,310,16.1,28
5/6/2014,32233,27654652,310,3.8,0,0,0,71,52,310,10,13,21.9
5/7/2014,32882,26217610,311,4.03,0,0,0,69,50,180,180,13,19.9
5/8/2014,17619,12920620,312,4.47,0.41,0,0,59,53,60,NA,8.1,NA
5/9/2014,22641,16691673,313,3.13,0.04,0,0,63,55,70,80,13,17
5/10/2014,21832,20126700,314,4.47,0.37,0,0,83,57,320,270,17,31.1
5/11/2014,28326,31905868,315,3.13,0.03,0,0,82,60,270,290,13,19
5/12/2014,31644,27321402,316,1.79,0,0,0,85,64,170,150,10.1,18.1
5/13/2014,32847,26453866,317,7.16,0,0,0,73,53,60,80,19.9,28
5/14/2014,30044,23340138,318,4.7,0.01,0,0,71,52,70,40,10.1,16.1
5/15/2014,26057,20290141,319,5.37,0.15,0,0,71,58,160,170,13,21.9
5/16/2014,17784,12437599,320,6.49,1.54,0,0,68,58,160,170,16.1,31.1
5/17/2014,29912,31768862,321,4.92,0,0,0,70,53,250,250,13,19.9
5/18/2014,27436,28078214,322,5.82,0,0,0,67,51,300,50,12.1,19
5/19/2014,31692,25503032,323,4.7,0,0,0,72,49,310,280,14.1,28
5/20/2014,35567,29990680,324,3.13,0,0,0,78,53,290,270,13,21.9
5/21/2014,34420,27649117,325,2.46,0,0,0,74,63,290,270,10.1,15
5/22/2014,24535,17977764,326,3.13,0.24,0,0,67,59,120,120,10.1,15
5/23/2014,24484,18957163,327,4.25,0.91,0,0,71,56,260,250,13,19.9
5/24/2014,16798,16082987,328,3.58,0.4,0,0,70,57,60,20,12.1,14.1
5/25/2014,25637,30845917,329,2.01,0,0,0,80,55,60,290,10.1,16.1
5/26/2014,26930,31553641,330,4.92,0,0,0,86,66,260,290,14.1,21
5/27/2014,32936,28496378,331,4.25,0,0,0,86,64,260,270,16.1,29.1
5/28/2014,29690,22220085,332,7.61,0,0,0,64,54,60,70,16.1,21.9
5/29/2014,33889,27093699,333,4.25,0,0,0,66,51,60,180,13,19.9
5/30/2014,34343,29140372,334,2.46,0,0,0,75,55,50,50,16.1,21
5/31/2014,27734,27729532,335,5.82,0.05,0,0,73,57,60,50,19.9,28
6/1/2014,31333,33868795,336,3.58,0,0,0,77,55,250,250,10.1,18.1
6/2/2014,34519,30414899,337,4.47,0,0,0,80,59,170,150,10.1,19
6/3/2014,29501,23664925,338,4.03,0.12,0,0,87,65,160,170,13,21.9
6/4/2014,36068,29957407,339,3.58,0,0,0,82,63,70,150,10.1,16.1
6/5/2014,24619,20015974,340,5.59,0.87,0,0,76,61,10,310,13,19.9
6/6/2014,37719,32873122,341,4.47,0,0,0,76,61,310,290,10.1,19.9
6/7/2014,31204,33454061,342,2.91,0,0,0,82,60,240,240,8.9,15
6/8/2014,30162,32697609,343,2.91,0,0,0,86,66,250,260,13,19
6/9/2014,18611,14441666,344,4.25,1.6,0,0,73,63,70,140,8.9,15
6/10/2014,33435,26779241,345,3.36,0,0,0,77,65,110,110,8.1,11
6/11/2014,30548,24593848,346,7.16,0.02,0,0,70,61,80,50,16.1,23
6/12/2014,29084,21958623,347,5.59,0.07,0,0,73,60,60,90,10.1,15
6/13/2014,18308,13934065,348,3.58,1.28,0,0,79,65,310,310,8.9,17
6/14/2014,28417,28569873,349,4.7,0,0,0,74,60,310,290,14.1,25.9
6/15/2014,28382,29490424,350,4.25,0,0,0,80,59,360,290,12.1,18.1
6/16/2014,34932,29905376,351,2.91,0,0,0,81,63,160,180,12.1,18.1
6/17/2014,35097,29684432,352,4.03,0,0,0,89,71,240,260,8.9,16.1
6/18/2014,35531,28906427,353,5.82,0,0,0,89,76,310,290,14.1,23.9
6/19/2014,31724,26003439,354,3.8,0.15,0,0,77,68,10,40,10.1,17
6/20/2014,34405,34482744,355,4.47,0,0,0,79,64,50,320,12.1,19
6/21/2014,30288,31312036,356,4.92,0,0,0,78,62,70,50,13,18.1
6/22/2014,29417,29268897,357,2.01,0,0,0,79,64,160,170,8.9,15
6/23/2014,32580,27266803,358,2.68,0,0,0,81,65,260,170,12.1,19
6/24/2014,35897,29586483,359,4.92,0,0,0,81,68,170,170,12.1,21
6/25/2014,34340,27065649,360,4.92,0.08,0,0,85,70,180,250,12.1,23.9
6/26/2014,34846,28369153,361,4.7,0.07,0,0,85,70,70,60,13,17
6/27/2014,35823,31567049,362,2.91,0,0,0,83,67,120,140,13,18.1
6/28/2014,28507,28914218,363,2.91,0,0,0,87,66,170,160,12.1,19.9
6/29/2014,27986,29058734,364,2.68,0,0,0,83,68,190,160,12.1,18.1
6/30/2014,33597,27815860,365,2.68,0,0,0,84,69,160,180,10.1,19.9
7/1/2014,34854,27667387,366,5.14,0,0,0,89,72,150,240,14.1,23
7/2/2014,26582,20110669,367,3.8,0.96,0,0,91,72,30,160,15,25.9
7/3/2014,27587,21993643,368,2.91,1.78,0,0,87,69,320,280,12.1,25.1
7/4/2014,13612,12647787,369,5.37,0.14,0,0,74,65,310,290,14.1,25.1
7/5/2014,22913,25123871,370,6.71,0,0,0,81,63,290,310,15,23.9
7/6/2014,23822,28900457,371,4.92,0,0,0,84,66,250,250,17,23
7/7/2014,31863,26814300,372,5.82,0.04,0,0,90,72,260,240,14.1,25.1
7/8/2014,32713,26127158,373,4.7,0.39,0,0,91,71,240,260,15,33.1
7/9/2014,34426,27535342,374,4.25,0.09,0,0,88,71,250,330,13,21
7/10/2014,36288,29851976,375,2.91,0,0,0,83,72,80,170,10.1,17
7/11/2014,35000,29464386,376,4.03,0,0,0,86,71,70,80,10.1,14.1
7/12/2014,28718,28783380,377,3.36,0,0,0,85,71,180,200,10.1,19.9
7/13/2014,24869,22768821,378,5.14,0.03,0,0,83,72,160,250,8.9,16.1
7/14/2014,25825,19551731,379,4.47,0.46,0,0,84,72,180,280,12.1,21
7/15/2014,22963,16834700,380,2.68,1.3,0,0,86,72,280,290,13,19
7/16/2014,35391,28781545,381,3.8,0,0,0,81,68,20,290,10.1,16.1
7/17/2014,38619,31789082,382,4.03,0,0,0,81,67,290,290,10.1,16.1
7/18/2014,36105,31318758,383,4.03,0,0,0,81,64,30,NA,8.9,NA
7/19/2014,29291,29205879,384,5.14,0,0,0,76,68,80,NA,6.9,NA
7/20/2014,30296,31005092,385,4.03,0,0,0,80,66,10,50,12.1,15
7/21/2014,35670,29273902,386,2.01,0,0,0,85,67,260,250,8.1,14.1
7/22/2014,36886,30160452,387,3.8,0,0,0,86,71,240,240,12.1,19.9
7/23/2014,34173,26879402,388,4.92,0.19,0,0,88,72,260,240,16.1,25.1
7/24/2014,36693,30255142,389,4.92,0,0,0,80,70,360,50,10.1,16.1
7/25/2014,36384,30906993,390,4.25,0,0,0,82,66,360,240,8.9,17
7/26/2014,27179,26827930,391,4.25,0,0,0,81,69,250,180,8.9,18.1
7/27/2014,27004,26243944,392,3.36,0.02,0,0,85,71,230,230,12.1,17
7/28/2014,33189,26793303,393,7.38,0.19,0,0,82,68,290,290,16.1,29.1
7/29/2014,37092,30196922,394,4.92,0,0,0,76,64,300,280,14.1,21.9
7/30/2014,37377,30402861,395,2.91,0,0,0,80,63,240,180,10.1,14.1
7/31/2014,35458,29068741,396,3.36,0,0,0,82,68,250,240,12.1,19.9
8/1/2014,32654,26502621,397,3.8,0,0,0,84,71,160,160,12.1,19.9
8/2/2014,26784,26585843,398,6.04,0.41,0,0,74,63,60,80,17,23.9
8/3/2014,25276,25031667,399,2.24,0.07,0,0,76,66,60,60,8.9,12.1
8/4/2014,33822,28381211,400,3.36,0,0,0,84,70,180,170,8.9,15
8/5/2014,34392,28368332,401,2.46,0,0,0,90,71,260,260,12.1,16.1
8/6/2014,36336,29731722,402,2.91,0,0,0,83,70,40,40,15,23
8/7/2014,36362,30222243,403,4.25,0,0,0,83,66,360,350,13,21.9
8/8/2014,34073,28866756,404,3.13,0,0,0,83,65,10,10,8.9,14.1
8/9/2014,31636,34997711,405,2.91,0,0,0,87,66,340,40,8.9,15
8/10/2014,26749,27628646,406,2.91,0,0,0,88,68,240,240,8.1,14.1
8/11/2014,33664,27821539,407,3.13,0,0,0,87,71,200,170,8.9,19
8/12/2014,26261,18951753,408,5.82,0.19,0,0,79,70,140,170,15,25.9
8/13/2014,27977,22194466,409,5.59,0.53,0,0,82,68,140,170,16.1,30
8/14/2014,35154,30298578,410,4.7,0,0,0,77,63,280,250,13,19.9
8/15/2014,32480,27058275,411,5.37,0,0,0,73,61,280,260,13,19.9
8/16/2014,32017,35943405,412,4.03,0,0,0,78,63,260,250,10.1,23
8/17/2014,27417,27555119,413,3.58,0.01,0,0,82,66,250,270,12.1,19.9
8/18/2014,34339,29039727,414,4.47,0,0,0,81,63,300,290,8.9,17
8/19/2014,35367,29550523,415,3.8,0,0,0,83,63,60,180,8.9,14.1
8/20/2014,35532,29950424,416,2.24,0,0,0,84,70,150,160,10.1,14.1
8/21/2014,33804,28077252,417,3.58,0.35,0,0,83,65,160,160,12.1,19
8/22/2014,30406,24765866,418,4.7,0.06,0,0,79,65,110,140,10.1,14.1
8/23/2014,26429,25864234,419,4.7,0.01,0,0,77,67,60,70,13,18.1
8/24/2014,27493,29079404,420,3.13,0,0,0,80,64,60,20,10.1,16.1
8/25/2014,32892,27216167,421,2.68,0,0,0,88,64,60,350,10.1,14.1
8/26/2014,34519,28005342,422,2.24,0,0,0,89,70,240,170,6.9,14.1
8/27/2014,33721,27669868,423,3.36,0,0,0,90,70,50,180,10.1,19
8/28/2014,33927,28132097,424,5.37,0,0,0,82,66,300,280,13,21
8/29/2014,31264,26695331,425,3.36,0,0,0,80,61,60,50,12.1,18.1
8/30/2014,22689,23460641,426,2.24,0,0,0,80,65,180,180,8.1,17
8/31/2014,18053,18464622,427,3.36,0.62,0,0,90,73,280,260,15,30
9/1/2014,23575,27647298,428,2.91,0,0,0,88,75,250,250,10.1,15
9/2/2014,30507,24818513,429,5.37,0,0,0,92,77,250,260,15,35.1
9/3/2014,35535,29095314,430,3.36,0,0,0,86,72,290,280,13,21
9/4/2014,36496,30837305,431,2.68,0,0,0,87,69,240,170,10.1,19
9/5/2014,34831,29819409,432,2.91,0,0,0,87,72,240,200,10.1,17
9/6/2014,25833,24445495,433,4.7,0.11,0,0,91,67,310,250,13,21.9
9/7/2014,29721,31185709,434,4.7,0,0,0,81,65,50,50,12.1,17
9/8/2014,34335,29466044,435,7.61,0,0,0,75,65,70,60,14.1,21
9/9/2014,34518,28202076,436,7.83,0,0,0,73,63,70,50,15,23
9/10/2014,37653,32033617,437,5.82,0,0,0,80,63,70,60,14.1,18.1
9/11/2014,37081,29763131,438,4.7,0,0,0,83,69,20,340,12.1,21
9/12/2014,37204,35163542,439,5.14,0,0,0,78,62,50,40,12.1,18.1
9/13/2014,17293,15778714,440,5.14,0.26,0,0,69,58,120,50,12.1,18.1
9/14/2014,28688,30027535,441,3.13,0,0,0,71,53,360,330,10.1,17
9/15/2014,35045,30829985,442,2.91,0,0,0,71,55,50,50,8.9,14.1
9/16/2014,25633,20031880,443,2.24,0.37,0,0,70,58,310,290,8.9,16.1
9/17/2014,37453,30881642,444,2.68,0,0,0,73,55,290,290,8.9,12.1
9/18/2014,37381,33887641,445,2.68,0,0,0,76,57,50,40,13,19.9
9/19/2014,34713,28657519,446,7.61,0,0,0,66,54,60,60,16.1,23
9/20/2014,30011,30307589,447,2.91,0,0,0,75,57,170,210,12.1,21
9/21/2014,26080,25518135,448,1.57,0.15,0,0,75,67,280,270,8.9,16.1
9/22/2014,33239,26903313,449,6.71,0,0,0,71,55,280,280,15,23
9/23/2014,36347,31225793,450,1.79,0,0,0,71,52,200,210,8.1,16.1
9/24/2014,35481,30136951,451,5.59,0,0,0,71,58,60,270,14.1,19
9/25/2014,16650,12297592,452,8.28,0.32,0,0,64,57,70,70,16.1,23
9/26/2014,35116,31426042,453,4.25,0,0,0,77,58,30,40,13,19.9
9/27/2014,30193,32761939,454,2.46,0,0,0,83,60,40,30,8.9,14.1
9/28/2014,29021,31858246,455,1.79,0,0,0,84,64,270,250,8.9,15
9/29/2014,33161,29993021,456,0.67,0,0,0,79,67,260,240,8.9,14.1
9/30/2014,35093,31988855,457,4.7,0,0,0,71,62,70,50,13,17
10/1/2014,27942,20692571,458,6.04,0.02,0,0,65,61,60,40,14.1,18.1
10/2/2014,34492,29250266,459,4.7,0,0,0,70,61,60,50,13,16.1
10/3/2014,34944,32039924,460,4.25,0,0,0,71,56,70,180,10.1,19.9
10/4/2014,13354,11323501,461,6.71,1.18,0,0,69,52,280,290,16.1,27.1
10/5/2014,23456,22149521,462,5.59,0,0,0,61,46,270,260,15,23
10/6/2014,31742,26141867,463,3.8,0,0,0,69,50,160,160,15,23.9
10/7/2014,32892,26662916,464,4.7,0.06,0,0,71,63,170,240,10.1,21
10/8/2014,33607,33641847,465,7.16,0.04,0,0,73,62,260,240,15,25.9
10/9/2014,32203,26428448,466,5.59,0,0,0,68,55,280,290,18.1,32
10/10/2014,30887,27464979,467,2.24,0,0,0,64,52,290,280,6.9,11
10/11/2014,12965,11121575,468,4.47,0.33,0,0,60,50,40,40,10.1,17
10/12/2014,23394,24692952,469,2.68,0,0,0,63,48,30,30,13,19
10/13/2014,22752,18351970,470,2.68,0.05,0,0,65,52,160,170,8.1,16.1
10/14/2014,32614,36685383,471,4.7,0,0,0,76,63,180,180,13,23
10/15/2014,28743,23300859,472,5.14,0.69,0,0,77,69,170,190,14.1,25.1
10/16/2014,26754,21820666,473,4.03,1.11,0,0,71,61,250,170,13,19.9
10/17/2014,34132,31234476,474,4.47,0,0,0,71,59,250,260,14.1,23
10/18/2014,24978,26754012,475,6.26,0,0,0,70,56,280,290,15,23
10/19/2014,18840,16444746,476,7.61,0,0,0,56,44,300,300,17,28
10/20/2014,27914,28780115,477,3.8,0,0,0,60,42,240,260,12.1,19
10/21/2014,31330,24895184,478,3.58,0.11,0,0,67,55,140,150,12.1,18.1
10/22/2014,9169,6512569,479,9.4,1.51,0,0,58,50,30,50,18.1,30
10/23/2014,13371,9814300,480,7.61,0.61,0,0,53,50,40,40,12.1,25.1
10/24/2014,29837,24237394,481,4.47,0,0,0,63,51,310,300,12.1,19
10/25/2014,24952,24787938,482,5.82,0.01,0,0,67,50,300,260,13,25.9
10/26/2014,20768,19374211,483,7.83,0,0,0,63,53,310,310,18.1,32
10/27/2014,28806,24283463,484,5.14,0,0,0,63,48,270,270,13,21
10/28/2014,32956,25694628,485,2.91,0,0,0,72,53,240,200,12.1,19.9
10/29/2014,29999,22948104,486,4.92,0,0,0,72,51,310,310,14.1,23.9
10/30/2014,31133,24673529,487,3.58,0,0,0,59,47,310,NA,10.1,NA
10/31/2014,27785,30125238,488,6.49,0.05,0,0,55,45,70,70,15,23
11/1/2014,6002,4030493,489,8.95,0.35,0,0,47,42,30,20,21,31.1
11/2/2014,14100,13640930,490,10.74,0,0,0,48,41,350,20,21,36
11/3/2014,26757,22068821,491,5.82,0,0,0,61,39,280,260,16.1,25.9
11/4/2014,31174,24889857,492,4.7,0,0,0,68,53,230,240,13,21.9
11/5/2014,30539,26619719,493,4.47,0,0,0,64,56,290,240,14.1,21
11/6/2014,12283,8891785,494,3.13,0.37,0,0,57,48,70,240,8.9,15
11/7/2014,25355,18746400,495,7.38,0,0,0,53,40,310,310,17,31.1
11/8/2014,17443,15197103,496,6.04,0,0,0,48,36,280,280,16.1,21.9
11/9/2014,18207,16572131,497,2.68,0,0,0,57,46,250,250,14.1,21.9
11/10/2014,27655,21479973,498,2.46,0,0,0,61,44,250,180,8.9,13
11/11/2014,29358,22587612,499,3.36,0,0,0,64,49,170,180,10.1,19
11/12/2014,27807,21486491,500,2.68,0,0,0,65,47,350,300,10.1,21.9
11/13/2014,20652,17352249,501,3.58,0.2,0,0,48,36,280,280,8.9,15
11/14/2014,21082,15946771,502,7.16,0.06,0,0,42,35,300,300,14.1,23.9
11/15/2014,14057,10954804,503,3.58,0,0,0,42,33,300,290,12.1,19.9
11/16/2014,13272,10389095,504,3.8,0.03,0,0,45,35,260,250,10.1,18.1
11/17/2014,8116,6024360,505,3.8,1.54,0,0,52,40,280,290,14.1,21.9
11/18/2014,16691,11115904,506,10.07,0,0,0,45,24,280,290,21.9,33.1
11/19/2014,16694,13027665,507,7.16,0,0,0,36,22,250,250,16.1,25.1
11/20/2014,20611,14856149,508,7.16,0,0,0,45,31,290,270,17,28
11/21/2014,17806,11550289,509,7.61,0,0,0,37,28,290,320,17,25.9
11/22/2014,12682,10353492,510,4.92,0,0,0,44,28,240,260,15,25.9
11/23/2014,15669,13460834,511,3.8,0,0,0,57,43,260,240,14.1,23
11/24/2014,23031,17587919,512,5.37,0.7,0,0,69,53,180,170,17,32
11/25/2014,25580,21709559,513,5.14,0,0,0,68,51,280,270,14.1,23
11/26/2014,3675,2812496,514,8.72,1.24,0.2,0,51,34,40,30,18.1,34
11/27/2014,3945,2806373,515,5.14,0.02,0,0,38,34,310,290,12.1,19.9
11/28/2014,8378,5965426,516,5.82,0,0,0,37,29,310,290,17,25.1
11/29/2014,8183,5878872,517,3.58,0,0,0,45,27,260,260,10.1,16.1
11/30/2014,12384,10966194,518,4.25,0,0,0,55,45,250,250,13,23
12/1/2014,18519,14317622,519,6.71,0.09,0,0,65,42,250,250,14.1,23
12/2/2014,15367,10542367,520,9.17,0.08,0,0,43,35,60,60,17,25.9
12/3/2014,13472,11505752,521,7.61,0.06,0,0,46,41,280,300,16.1,25.9
12/4/2014,21335,15207906,522,5.82,0,0,0,45,37,280,280,13,19.9
12/5/2014,15818,11565282,523,6.04,0.51,0,0,44,34,60,60,17,21
12/6/2014,4047,3162229,524,4.03,1.22,0,0,50,39,10,20,17,30
12/7/2014,10510,7531196,525,11.86,0.04,0,0,42,30,30,10,25.1,40
12/8/2014,15557,10466206,526,11.41,0,0,0,37,24,70,70,19.9,29.1
12/9/2014,6713,4591147,527,10.29,2.54,0,0,42,36,50,60,21.9,32
12/10/2014,10399,7046001,528,8.28,0.08,1,0,40,32,290,310,16.1,23.9
12/11/2014,18141,13020271,529,7.61,0.01,0,1,38,31,270,260,17,25.1
12/12/2014,17892,12224822,530,8.05,0,0,0,38,32,300,300,15,25.1
12/13/2014,12549,12749012,531,8.95,0,0,0,44,34,300,300,16.1,28
12/14/2014,11941,9660465,532,6.04,0,0,0,46,38,310,300,13,19.9
12/15/2014,19382,13947318,533,2.68,0,0,0,48,37,250,300,8.1,12.1
12/16/2014,16816,11978227,534,3.8,0.2,0,0,49,38,110,150,12.1,14.1
12/17/2014,20346,14270504,535,5.82,0.02,0,0,54,42,280,290,16.1,25.9
12/18/2014,19051,12853104,536,8.72,0,0,0,42,37,290,300,16.1,29.1
12/19/2014,17200,11730738,537,7.16,0,0,0,38,31,300,310,14.1,23.9
12/20/2014,9582,6451426,538,4.92,0,0,0,33,30,40,60,12.1,15
12/21/2014,8747,6523535,539,4.92,0,0,0,36,31,10,10,8.9,13
12/22/2014,13560,9927818,540,6.04,0.04,0,0,44,35,70,40,12.1,16.1
12/23/2014,9422,6611687,541,8.28,0.16,0,0,46,43,70,80,17,25.9
12/24/2014,4285,3002321,542,5.82,0.8,0,0,58,44,70,180,12.1,17
12/25/2014,4890,5561846,543,9.62,0.09,0,0,62,44,290,300,19.9,32
12/26/2014,9895,8432100,544,5.82,0,0,0,50,40,290,250,13,18.1
12/27/2014,10247,9922668,545,4.47,0,0,0,55,44,240,250,14.1,25.1
12/28/2014,7902,6184694,546,5.82,0.1,0,0,54,43,240,250,15,21.9
12/29/2014,13549,10796215,547,5.14,0,0,0,44,34,310,320,15,25.1
12/30/2014,12196,8415896,548,4.25,0,0,0,34,28,10,300,10.1,17
12/31/2014,9739,7408464,549,5.59,0,0,0,32,27,280,280,14.1,21
1/1/2015,5317,4263206,550,7.16,0,0,0,39,27,260,250,17,31.1
1/2/2015,11304,8265948,551,7.16,0,0,0,42,35,260,310,15,25.1
1/3/2015,4478,2934363,552,6.49,0.71,0,0,42,33,80,70,12.1,18.1
1/4/2015,7849,5333821,553,6.49,0.3,0,0,56,41,280,260,29.1,46.1
1/5/2015,14506,9252098,554,10.51,0,0,0,49,21,280,300,23.9,38
1/6/2015,8739,5548587,555,4.03,0.05,1,0,22,19,320,280,14.1,23.9
1/7/2015,9646,5683529,556,12.75,0,0,1,23,9,310,300,21.9,38.9
1/8/2015,8779,5231063,557,8.72,0,0,0,21,8,310,310,18.1,31.1
1/9/2015,7930,5048697,558,8.72,0.07,1.5,0,33,19,280,290,21,30
1/10/2015,6109,3641121,559,8.05,0,0,1,23,16,250,230,18.1,25.1
1/11/2015,7467,4652482,560,6.04,0,0,1,37,18,230,250,14.1,23.9
1/12/2015,8645,5391780,561,3.8,0.36,0,0,39,35,260,260,12.1,19.9
1/13/2015,12797,7914786,562,8.5,0,0,0,36,17,30,40,18.1,25.1
1/14/2015,13086,8152950,563,6.26,0,0,0,32,16,70,80,14.1,17
1/15/2015,14075,8915114,564,4.7,0,0,0,35,25,250,290,15,19.9
1/16/2015,13843,8657008,565,9.84,0,0,0,43,20,310,320,21,32
1/17/2015,7491,4923427,566,6.04,0,0,0,32,17,310,190,14.1,23
1/18/2015,1795,1298636,567,3.8,2.1,0,0,42,31,270,210,10.1,19.9
1/19/2015,10710,7408393,568,7.61,0,0,0,42,36,290,270,16.1,33.1
1/20/2015,16129,10449450,569,5.82,0,0,0,40,32,290,280,13,19.9
1/21/2015,15234,9549420,570,4.25,0,0,0,36,25,350,20,10.1,15
1/22/2015,15864,10161582,571,5.59,0,0,0,40,31,310,300,14.1,21.9
1/23/2015,15737,10064764,572,5.59,0,0,0,39,28,250,250,14.1,19
1/24/2015,4814,3034281,573,6.04,0.72,3.6,3,39,33,290,290,14.1,23.9
1/25/2015,9379,6764796,574,6.26,0,0,2,42,31,250,260,17,30
1/26/2015,4141,2754238,575,12.75,0.48,5.5,2,31,22,60,50,23,34
1/27/2015,1214,1160913,576,8.28,0.36,4.3,8,30,20,10,330,17,30
1/28/2015,5401,4593319,577,7.61,0,0,8,34,16,310,310,16.1,23.9
1/29/2015,8870,6669423,578,3.8,0.02,0,6,36,19,190,180,14.1,19.9
1/30/2015,9015,5873039,579,10.51,0.06,1,7,38,19,310,300,21.9,36
1/31/2015,5188,3251745,580,12.3,0,0,7,26,13,310,290,23.9,44.1
2/1/2015,6441,4110319,581,3.8,0.03,0.3,6,36,20,250,260,12.1,17
2/2/2015,1459,1343538,582,9.84,1.02,5,7,34,14,70,310,21.9,32
2/3/2015,4754,3647385,583,7.16,0,0,8,26,13,310,310,17,27.1
2/4/2015,8973,6259175,584,4.25,0,0,8,43,24,260,250,13,19
2/5/2015,9208,5740237,585,8.5,0,0,8,42,14,360,310,19.9,30
2/6/2015,8575,5463278,586,7.16,0,0,8,27,12,270,240,17,25.9
2/7/2015,6790,4661069,587,3.8,0.02,0,8,40,25,260,250,12.1,18.1
2/8/2015,6662,4443139,588,8.5,0,0,8,37,29,70,60,18.1,25.9
2/9/2015,5160,3271088,589,10.96,0.09,0,8,29,25,60,50,19.9,29.1
2/10/2015,10328,6591894,590,10.51,0.01,0.1,8,40,26,30,30,18.1,28
2/11/2015,11439,7424144,591,6.49,0,0,8,34,22,50,60,18.1,25.9
2/12/2015,11269,7300488,592,7.38,0,0,8,40,16,310,320,21.9,38.9
2/13/2015,7642,4761355,593,9.17,0,0,8,21,8,310,300,21.9,36.9
2/14/2015,4614,2887657,594,5.37,0.02,0.9,8,32,16,10,250,14.1,23
2/15/2015,2581,1470805,595,14.54,0,0,9,25,4,300,310,23,42.1
2/16/2015,3998,2382051,596,6.93,0,0,9,21,3,310,320,21,36.9
2/17/2015,4784,3106012,597,4.7,0.14,3.3,12,27,14,50,30,12.1,16.1
2/18/2015,9170,5941907,598,4.25,0,0,9,33,19,250,260,15,21
2/19/2015,7799,4644577,599,11.41,0,0,9,27,8,280,280,19.9,31.1
2/20/2015,6159,3712675,600,10.29,0,0,9,19,2,290,290,21.9,36
2/21/2015,3157,1865566,601,4.47,0.61,3,9,32,13,200,180,14.1,23
2/22/2015,4274,3064653,602,2.91,0.1,1,13,43,32,290,280,12.1,17
2/23/2015,7458,4713068,603,11.18,0,0,12,38,8,310,320,17,29.1
2/24/2015,7402,4773339,604,5.82,0,0,12,24,4,170,180,14.1,23
2/25/2015,10751,7003763,605,6.49,0,0,12,37,20,280,280,15,23.9
2/26/2015,9901,6688204,606,7.16,0,0,11,32,21,50,50,15,19.9
2/27/2015,9864,6508479,607,6.04,0,0,11,30,18,310,300,13,19.9
2/28/2015,6318,4103170,608,3.58,0,0,11,29,13,350,350,12.1,18.1
3/1/2015,2879,2131795,609,2.24,0.52,4.8,10,31,24,170,170,15,19.9
3/2/2015,7283,4934446,610,8.05,0,0,15,39,27,310,300,18.1,34
3/3/2015,6533,4978397,611,4.92,0.67,1.8,14,37,22,240,250,14.1,23.9
3/4/2015,7514,5262976,612,6.04,0.25,0,13,45,35,250,250,15,25.1
3/5/2015,1637,1515624,613,5.82,0.76,7.5,13,40,19,310,300,14.1,19.9
3/6/2015,5162,3802673,614,6.26,0,0,19,27,12,250,250,14.1,19.9
3/7/2015,5590,4962099,615,5.14,0,0,18,38,18,250,250,16.1,23.9
3/8/2015,7898,6488545,616,5.14,0,0,16,49,37,280,270,19.9,30
3/9/2015,14878,11286786,617,4.7,0.01,0,13,54,40,290,290,16.1,25.1
3/10/2015,11781,8522386,618,3.58,0.46,0,11,53,39,180,170,12.1,17
3/11/2015,19561,15724013,619,6.93,0.01,0,6,59,44,320,330,14.1,21.9
3/12/2015,17530,12781808,620,8.28,0,0,4,47,36,350,310,19.9,33.1
3/13/2015,16145,11682905,621,6.49,0,0,2,43,31,170,190,13,19.9
3/14/2015,3906,2846885,622,5.59,0.81,0,1,51,40,160,170,15,21.9
3/15/2015,8838,6414610,623,11.41,0,0,0,44,36,310,320,23,40.9
3/16/2015,16787,11976445,624,3.8,0,0,0,52,35,310,310,13,19.9
3/17/2015,14857,10499636,625,9.62,0.02,0,0,57,34,310,310,23.9,42.9
3/18/2015,13842,9412606,626,9.62,0,0,0,39,29,310,290,19.9,35.1
3/19/2015,15446,11882521,627,5.82,0,0,0,43,29,280,310,14.1,21.9
3/20/2015,8052,5360131,628,7.83,0.4,4.5,0,38,29,60,70,17,21.9
3/21/2015,9338,7619160,629,5.37,0,0,5,47,29,310,320,16.1,27.1
3/22/2015,9676,7243175,630,7.61,0,0,0,43,28,310,310,18.1,30
3/23/2015,13538,8791126,631,6.71,0,0,0,38,23,310,280,16.1,27.1
3/24/2015,16166,10986034,632,4.03,0,0,0,45,26,360,360,13,17
3/25/2015,14670,10281613,633,4.47,0.05,0,0,49,34,160,180,13,21.9
3/26/2015,14954,10626298,634,2.91,0.32,0,0,62,42,30,360,14.1,23
3/27/2015,14107,9799373,635,4.25,0.27,0,0,46,39,360,290,12.1,18.1
3/28/2015,1107,841840,636,7.61,0,0,0,40,26,10,310,15,23
3/29/2015,9826,8361703,637,6.26,0,0,0,46,25,230,250,14.1,21.9
3/30/2015,18075,13136979,638,7.83,0,0,0,54,36,290,280,23.9,44.1
3/31/2015,14250,10853943,639,5.37,0.17,0,0,47,35,280,280,13,19.9
4/1/2015,20146,15974445,640,5.14,0,0,0,51,32,280,280,15,23
4/2/2015,24227,30187581,641,6.26,0,0,0,67,41,250,260,19.9,31.1
4/3/2015,14774,12143318,642,6.71,0.04,0,0,64,59,250,250,16.1,25.1
4/4/2015,14355,12946408,643,10.07,0.01,0,0,60,42,310,310,23.9,40.9
4/5/2015,13799,14990995,644,4.92,0,0,0,61,42,280,290,18.1,30
4/6/2015,23391,21182897,645,4.25,0,0,0,63,42,250,250,12.1,18.1
4/7/2015,16262,11390363,646,6.93,0.15,0,0,62,42,60,50,17,25.1
4/8/2015,17872,14850228,647,11.41,0,0,0,45,37,70,60,21.9,32
4/9/2015,16546,11709575,648,8.95,0,0,0,43,37,60,60,18.1,25.1
4/10/2015,16317,12054740,649,4.7,0.17,0,0,56,39,290,290,14.1,21.9
4/11/2015,18643,18387164,650,8.72,0,0,0,57,44,310,300,17,29.1
4/12/2015,19954,22868204,651,3.36,0,0,0,66,43,250,260,13,21
4/13/2015,24925,22669386,652,4.7,0,0,0,68,50,170,180,15,23.9
4/14/2015,22703,17199086,653,3.8,0.01,0,0,65,55,240,240,13,21.9
4/15/2015,27594,26881752,654,6.26,0,0,0,72,51,40,40,21,35.1
4/16/2015,27180,21963195,655,6.49,0,0,0,64,52,170,170,16.1,21
4/17/2015,24175,21883879,656,5.14,0.08,0,0,71,55,240,250,15,25.1
4/18/2015,28174,37471431,657,4.25,0,0,0,80,59,350,360,15,25.1
4/19/2015,21475,23359775,658,8.5,0,0,0,64,48,180,170,15,21.9
4/20/2015,11202,8054942,659,7.38,1.37,0,0,57,46,130,110,16.1,27.1
4/21/2015,24868,24328187,660,6.04,0.2,0,0,65,52,290,290,16.1,23.9
4/22/2015,21997,17031813,661,6.49,0.05,0,0,69,48,270,290,19.9,33.1
4/23/2015,22074,19065884,662,9.17,0,0,0,52,41,310,320,21,33.1
4/24/2015,20981,18480309,663,8.5,0,0,0,52,39,310,20,17,33.1
4/25/2015,21082,23253591,664,5.59,0,0,0,62,38,50,280,14.1,21.9
4/26/2015,21594,24616918,665,5.14,0,0,0,64,46,50,40,13,21
4/27/2015,25501,20075835,666,5.82,0,0,0,62,49,310,310,16.1,28
4/28/2015,29795,26433694,667,7.83,0,0,0,71,50,20,10,17,25.9
4/29/2015,31532,27895508,668,5.59,0,0,0,78,50,60,50,17,23
4/30/2015,29252,27296234,669,8.05,0,0,0,67,48,60,60,15,21
5/1/2015,27924,24057476,670,5.14,0,0,0,63,49,50,160,14.1,18.1
5/2/2015,25743,29884339,671,2.91,0,0,0,74,48,160,160,15,21.9
5/3/2015,27694,33997630,672,2.46,0,0,0,80,51,180,180,10.1,18.1
5/4/2015,32066,32037628,673,5.37,0,0,0,85,57,230,210,15,23
5/5/2015,33012,33567912,674,4.03,0,0,0,85,66,250,250,13,21
5/6/2015,30313,26459362,675,4.92,0,0,0,73,59,60,50,14.1,23
5/7/2015,34871,32153911,676,2.24,0,0,0,80,56,180,170,10.1,17
5/8/2015,34304,33502995,677,2.91,0,0,0,82,56,160,170,13,21
5/9/2015,24329,28662272,678,4.25,0,0,0,70,57,60,170,8.9,13
5/10/2015,26573,32440059,679,3.58,0,0,0,83,61,230,240,13,23
5/11/2015,32382,32016810,680,3.8,0,0,0,84,70,250,240,13,25.1
5/12/2015,35225,32043695,681,5.37,0,0,0,86,64,240,270,15,28
5/13/2015,33402,30973405,682,7.38,0,0,0,70,53,300,300,15,25.9
5/14/2015,40826,41425971,683,3.8,0,0,0,73,50,250,240,13,19.9
5/15/2015,34945,33546848,684,3.36,0,0,0,75,55,160,180,13,21.9
5/16/2015,23882,26895183,685,2.01,0.3,0,0,75,57,260,260,10.1,16.1
5/17/2015,30969,36958558,686,2.01,0.02,0,0,83,64,10,20,6.9,11
5/18/2015,31559,30690067,687,4.7,0,0,0,75,60,70,70,14.1,18.1
5/19/2015,33895,28551515,688,2.46,0,0,0,80,59,350,300,14.1,25.9
5/20/2015,33823,28155941,689,6.93,0,0,0,67,54,300,320,14.1,27.1
5/21/2015,31214,25787275,690,2.68,0,0,0,62,52,270,250,12.1,16.1
5/22/2015,31891,29531340,691,6.04,0,0,0,74,55,290,280,18.1,29.1
5/23/2015,23910,29283814,692,4.47,0,0,0,70,49,300,300,15,25.1
5/24/2015,25151,32800438,693,3.8,0,0,0,81,56,240,250,10.1,18.1
5/25/2015,28164,33918160,694,4.92,0,0,0,85,64,240,200,13,21
5/26/2015,35786,32645163,695,5.14,0,0,0,88,67,230,250,12.1,19.9
5/27/2015,33710,27735974,696,5.14,0.08,0,0,85,70,170,160,15,23
5/28/2015,35934,30145061,697,4.03,0,0,0,85,70,30,310,12.1,19.9
5/29/2015,37756,35337045,698,4.03,0,0,0,85,65,50,160,12.1,17
5/30/2015,31147,35399367,699,5.59,0,0,0,85,67,180,180,14.1,25.1
5/31/2015,19586,21605667,700,5.59,1.46,0,0,87,57,80,60,19.9,28
6/1/2015,15283,10029359,701,10.29,0.72,0,0,58,51,70,70,16.1,29.1
6/2/2015,11984,8077224,702,6.26,0.37,0,0,55,50,60,50,14.1,19
6/3/2015,34590,28648552,703,4.7,0,0,0,70,52,150,180,10.1,16.1
6/4/2015,32772,26331625,704,5.14,0,0,0,65,54,60,80,12.1,16.1
6/5/2015,31294,25337328,705,2.91,0.13,0,0,70,55,80,50,8.9,14.1
6/6/2015,26334,28589652,706,4.7,0.19,0,0,76,60,330,50,8.9,21.9
6/7/2015,30773,35735876,707,3.8,0,0,0,74,55,190,180,12.1,23
6/8/2015,33585,29200665,708,6.04,0.06,0,0,79,63,250,240,15,27.1
6/9/2015,35412,29212549,709,4.92,0.01,0,0,83,68,290,280,15,25.1
6/10/2015,39350,37377966,710,3.13,0,0,0,82,65,230,250,13,19.9
6/11/2015,37400,32207804,711,4.47,0,0,0,89,72,250,250,14.1,19
6/12/2015,35136,30774280,712,4.47,0,0,0,88,73,170,240,13,23
6/13/2015,29980,34942854,713,5.37,0,0,0,86,72,360,320,14.1,21.9
6/14/2015,28184,31850598,714,2.68,0.36,0,0,88,66,230,210,10.1,18.1
6/15/2015,25087,19569529,715,4.7,0.57,0,0,83,64,70,60,17,25.1
6/16/2015,32147,25810601,716,2.24,0.27,0,0,79,65,290,310,8.1,13
6/17/2015,38030,32963734,717,3.8,0,0,0,82,66,160,50,12.1,17
6/18/2015,35464,27936198,718,3.58,0,0,0,71,64,200,170,8.1,15
6/19/2015,37380,32909369,719,3.8,0,0,0,87,68,60,30,10.1,16.1
6/20/2015,23580,23666844,720,5.37,0,0,0,75,64,80,60,15,21.9
6/21/2015,25926,28092701,721,4.47,0.64,0,0,88,71,300,310,16.1,29.1
6/22/2015,37677,34172183,722,4.92,0,0,0,87,70,260,260,13,19
6/23/2015,32294,26524845,723,5.82,0.02,0,0,90,75,250,250,16.1,27.1
6/24/2015,41070,37346049,724,4.7,0,0,0,84,68,340,360,13,19
6/25/2015,39673,33934298,725,3.13,0,0,0,83,65,240,250,13,21.9
6/26/2015,38614,35968650,726,4.47,0,0,0,81,69,60,80,16.1,21
6/27/2015,15485,14770618,727,7.38,1.12,0,0,71,58,60,80,16.1,23.9
6/28/2015,20591,21580105,728,5.37,0.29,0,0,73,62,60,90,18.1,25.1
6/29/2015,38037,34827535,729,4.92,0,0,0,76,63,250,250,12.1,19.9
6/30/2015,38087,33039736,730,4.92,0.04,0,0,82,68,170,170,14.1,25.1
7/1/2015,37539,32946111,731,4.25,0.39,0,0,82,69,260,270,14.1,31.1
7/2/2015,35559,37726207,732,1.12,0,0,0,80,69,40,50,8.1,12.1
7/3/2015,26928,29811340,733,2.91,0,0,0,82,66,60,20,8.9,13
7/4/2015,21706,29386134,734,3.36,0,0,0,75,69,100,50,8.9,14.1
7/5/2015,25920,31051530,735,1.57,0,0,0,83,68,180,170,6.9,12.1
7/6/2015,35251,31835953,736,2.91,0,0,0,83,72,160,160,12.1,18.1
7/7/2015,36837,31912419,737,4.92,0.12,0,0,88,75,240,250,13,23
7/8/2015,35047,30556577,738,3.13,0,0,0,88,77,280,270,13,21.9
7/9/2015,31978,29295923,739,4.7,0.3,0,0,79,68,70,170,12.1,18.1
7/10/2015,38559,36894658,740,4.7,0,0,0,84,72,20,300,12.1,21
7/11/2015,31719,35812361,741,2.46,0,0,0,88,69,40,50,10.1,15
7/12/2015,31037,37523101,742,2.01,0,0,0,89,72,240,250,6.9,12.1
7/13/2015,38485,36088954,743,2.68,0,0,0,88,73,160,180,10.1,18.1
7/14/2015,35802,30158488,744,2.68,0.42,0,0,82,73,160,180,8.1,16.1
7/15/2015,34979,30155483,745,4.47,0.12,0,0,81,72,10,10,13,21.9
7/16/2015,42356,43125206,746,5.59,0,0,0,80,64,50,60,15,23
7/17/2015,39595,38144089,747,3.8,0,0,0,81,67,180,190,12.1,21
7/18/2015,28870,31900053,748,4.47,0.32,0,0,85,71,260,240,10.1,19
7/19/2015,28531,32900817,749,3.13,0,0,0,93,78,260,260,14.1,21.9
7/20/2015,34889,31403622,750,4.47,0,0,0,94,82,270,290,12.1,19
7/21/2015,38499,33407402,751,2.46,0,0,0,89,74,290,260,10.1,19
7/22/2015,42557,40024600,752,5.82,0,0,0,85,69,290,290,14.1,23
7/23/2015,42175,37529556,753,3.8,0,0,0,86,68,280,280,13,19
7/24/2015,40330,36534253,754,2.01,0,0,0,87,70,40,360,10.1,15
7/25/2015,31639,38341635,755,3.13,0,0,0,88,69,160,170,10.1,19
7/26/2015,30543,33687580,756,4.47,0,0,0,90,74,180,220,12.1,23
7/27/2015,38747,36091135,757,2.91,0.36,0,0,86,71,10,30,19.9,21.9
7/28/2015,40434,34021836,758,2.68,0,0,0,95,75,60,170,8.9,12.1
7/29/2015,39428,32494367,759,3.8,0,0,0,96,78,250,260,10.1,17
7/30/2015,31166,25139598,760,4.25,1.95,0,0,87,76,220,260,12.1,21.9
7/31/2015,38571,34675207,761,3.36,0,0,0,89,72,290,250,12.1,18.1
8/1/2015,35179,42144207,762,4.47,0,0,0,89,75,290,270,14.1,21.9
8/2/2015,31622,36340385,763,2.01,0,0,0,89,71,260,250,12.1,17
8/3/2015,38888,34690742,764,4.92,0,0,0,90,75,250,250,12.1,21
8/4/2015,40783,34859229,765,5.37,0.43,0,0,89,69,290,290,23,36.9
8/5/2015,41075,35364679,766,2.91,0,0,0,87,72,300,270,12.1,21
8/6/2015,42283,36404905,767,2.46,0,0,0,83,67,290,280,8.9,14.1
8/7/2015,40999,38390996,768,5.37,0,0,0,84,69,130,50,13,18.1
8/8/2015,38723,49166524,769,3.8,0,0,0,82,68,60,70,12.1,15
8/9/2015,32716,47605193,770,3.8,0,0,0,85,68,80,160,10.1,17
8/10/2015,39870,49956501,771,4.47,0,0,0,84,70,160,160,13,19.9
8/11/2015,25066,31839791,772,4.25,1.17,0,0,81,71,250,160,12.1,21
8/12/2015,42994,47143286,773,4.7,0,0,0,85,71,280,300,12.1,19
8/13/2015,42170,45328925,774,3.13,0,0,0,83,67,330,290,10.1,15
8/14/2015,39983,38549986,775,2.91,0,0,0,88,67,250,180,8.9,18.1
8/15/2015,37821,48631141,776,3.36,0,0,0,92,73,250,180,8.1,16.1
8/16/2015,30344,35554427,777,1.57,0,0,0,93,76,140,120,8.9,17
8/17/2015,37449,31776929,778,3.36,0,0,0,95,78,260,240,10.1,15
8/18/2015,39916,33795930,779,4.03,0.29,0,0,90,73,250,240,14.1,25.1
8/19/2015,40726,36785713,780,4.03,0,0,0,87,77,140,180,12.1,21.9
8/20/2015,39280,33485091,781,5.59,0.01,0,0,86,77,170,170,16.1,25.1
8/21/2015,38038,32853351,782,4.25,0.32,0,0,87,71,340,240,12.1,16.1
8/22/2015,34277,41071697,783,4.47,0,0,0,86,69,60,50,10.1,16.1
8/23/2015,33071,36149533,784,4.03,0,0,0,85,70,120,120,10.1,14.1
8/24/2015,38943,33908551,785,2.46,0,0,0,87,73,200,200,8.9,18.1
8/25/2015,41655,40723066,786,3.8,0,0,0,90,73,290,250,10.1,18.1
8/26/2015,42832,36757758,787,3.8,0,0,0,85,67,250,240,12.1,19
8/27/2015,43173,37287985,788,3.13,0,0,0,82,67,290,300,10.1,17
8/28/2015,41755,38405450,789,2.46,0,0,0,82,63,290,30,8.1,14.1
8/29/2015,34381,43548794,790,2.01,0,0,0,87,67,230,240,12.1,21
8/30/2015,32913,37080412,791,4.03,0.13,0,0,90,72,240,230,12.1,19.9
8/31/2015,40119,34050941,792,4.47,0,0,0,91,76,250,250,13,21
9/1/2015,43291,36924269,793,2.24,0,0,0,90,76,60,180,8.9,13
9/2/2015,43225,40022130,794,1.79,0,0,0,91,74,180,150,8.9,15
9/3/2015,42879,35812511,795,2.01,0,0,0,93,74,50,40,10.1,14.1
9/4/2015,39956,38038050,796,6.93,0,0,0,85,72,60,50,17,25.1
9/5/2015,34005,41558519,797,4.03,0,0,0,83,67,60,60,14.1,17
9/6/2015,33199,41452488,798,1.34,0,0,0,87,65,150,180,8.9,16.1
9/7/2015,33682,40301817,799,4.25,0,0,0,92,70,250,270,10.1,19
9/8/2015,42766,40379107,800,4.92,0,0,0,97,76,240,250,13,21.9
9/9/2015,44005,36020461,801,3.8,0,0,0,90,76,180,180,13,25.1
9/10/2015,22253,16746504,802,6.26,1.58,0,0,79,70,60,30,12.1,18.1
9/11/2015,47613,44310613,803,5.14,0,0,0,81,66,60,20,14.1,19
9/12/2015,33661,38934403,804,4.25,0.29,0,0,79,69,160,160,14.1,21.9
9/13/2015,34794,41972164,805,6.26,0.04,0,0,80,62,280,270,15,25.1
9/14/2015,44668,44453992,806,6.49,0,0,0,77,59,290,290,14.1,23
9/15/2015,48729,49998947,807,2.24,0,0,0,84,62,260,270,8.1,13
9/16/2015,51179,49936867,808,1.34,0,0,0,88,66,260,260,6.9,11
9/17/2015,50705,52398659,809,2.24,0,0,0,89,68,250,180,12.1,15
9/18/2015,50285,53830457,810,2.01,0,0,0,87,68,160,170,8.9,16.1
9/19/2015,43011,59587827,811,2.68,0,0,0,83,68,230,240,12.1,19.9
9/20/2015,40462,54014047,812,7.83,0,0,0,79,64,50,40,15,23
9/21/2015,47180,46999421,813,7.61,0,0,0,73,59,60,50,17,23.9
9/22/2015,48685,47645137,814,6.93,0,0,0,71,62,60,60,14.1,18.1
9/23/2015,48366,51433096,815,2.91,0,0,0,80,59,60,60,8.9,13
9/24/2015,52706,56896505,816,4.25,0,0,0,82,60,60,60,13,18.1
9/25/2015,51368,57252181,817,6.26,0,0,0,76,63,60,50,13,18.1
9/26/2015,42560,54509701,818,6.04,0,0,0,72,61,60,60,18.1,25.9
9/27/2015,38285,47874169,819,4.92,0,0,0,71,56,50,60,8.9,14.1
9/28/2015,48011,51255502,820,3.36,0,0,0,78,65,180,170,8.9,15
9/29/2015,48725,50288077,821,2.68,0.11,0,0,83,72,170,150,10.1,18.1
9/30/2015,39445,34432352,822,8.28,1.26,0,0,79,59,10,20,16.1,27.1
10/1/2015,34719,38432303,823,8.72,0.09,0,0,64,56,30,40,16.1,23.9
10/2/2015,9444,10593600,824,12.53,1.08,0,0,57,48,60,60,23,32
10/3/2015,16564,20034305,825,11.41,0.35,0,0,55,49,60,50,21,31.1
10/4/2015,30214,37845188,826,10.74,0,0,0,63,53,60,80,21,29.1
10/5/2015,44581,49584400,827,6.26,0,0,0,67,52,60,50,15,21
10/6/2015,49719,52350680,828,1.57,0,0,0,73,52,70,60,8.9,12.1
10/7/2015,50141,49405350,829,2.91,0,0,0,73,58,300,290,8.1,15
10/8/2015,50179,54268803,830,3.36,0,0,0,72,59,150,160,8.9,15
10/9/2015,37283,49134672,831,4.03,0.89,0,0,78,61,290,270,17,28
10/10/2015,39345,55665083,832,2.46,0,0,0,65,50,300,310,12.1,21.9
10/11/2015,38967,59464708,833,3.8,0,0,0,69,53,260,250,10.1,17
10/12/2015,45584,50769766,834,3.8,0,0,0,77,56,160,160,10.1,17
10/13/2015,49047,49973419,835,3.58,0.01,0,0,72,61,250,260,10.1,16.1
10/14/2015,49998,47419498,836,3.8,0,0,0,69,57,290,290,12.1,19
10/15/2015,48783,50171657,837,4.03,0,0,0,64,51,260,250,10.1,17
10/16/2015,46484,48981074,838,5.37,0,0,0,64,53,300,290,13,21.9
10/17/2015,31809,39147067,839,5.82,0,0,0,56,42,310,270,13,23.9
10/18/2015,23978,24107823,840,4.92,0,0,0,50,38,300,300,16.1,25.1
10/19/2015,36570,35660416,841,3.8,0,0,0,53,35,250,250,14.1,23.9
10/20/2015,45376,45545846,842,6.04,0,0,0,70,48,250,250,14.1,23.9
10/21/2015,49121,48734278,843,2.24,0,0,0,76,57,250,240,12.1,18.1
10/22/2015,49604,51527546,844,4.7,0,0,0,75,58,260,260,12.1,19
10/23/2015,44679,46929316,845,6.71,0,0,0,65,45,60,290,14.1,21.9
10/24/2015,31713,36693652,846,4.03,0,0,0,57,40,70,60,10.1,15
10/25/2015,29289,34240788,847,4.92,0.05,0,0,68,48,360,20,13,21.9
10/26/2015,42165,38469191,848,3.8,0,0,0,58,46,60,30,12.1,19
10/27/2015,44553,39722576,849,4.47,0,0,0,59,45,120,60,10.1,15
10/28/2015,20736,17956325,850,6.71,1.4,0,0,69,53,100,190,14.1,28
10/29/2015,45358,44763262,851,6.49,0.04,0,0,73,57,280,280,17,30
10/30/2015,44518,42567232,852,5.82,0,0,0,61,48,320,310,13,23.9
10/31/2015,31756,39042969,853,2.91,0,0,0,56,42,10,40,10.1,16.1
11/1/2015,30622,37106823,854,4.92,0,0,0,65,54,240,240,16.1,23
11/2/2015,44534,44456671,855,2.01,0,0,0,63,54,290,240,8.1,14.1
11/3/2015,49326,53318852,856,2.46,0,0,0,72,48,240,250,8.1,13
11/4/2015,49487,50302392,857,2.46,0,0,0,70,56,150,170,8.9,14.1
11/5/2015,43006,39448383,858,2.01,0.01,0,0,71,56,240,250,8.9,16.1
11/6/2015,47162,48380752,859,4.7,0,0,0,74,66,240,240,14.1,25.9
11/7/2015,35586,45519073,860,4.47,0,0,0,72,53,310,310,12.1,19
11/8/2015,32317,38370283,861,3.58,0,0,0,56,46,310,310,15,23
11/9/2015,42262,40159452,862,2.01,0,0,0,59,43,270,270,8.9,13
11/10/2015,21585,16860591,863,9.84,0.26,0,0,57,51,70,60,23,34
11/11/2015,37705,33793810,864,4.92,0.43,0,0,58,49,60,70,13,18.1
11/12/2015,37319,29878747,865,5.59,0.01,0,0,61,51,290,280,17,28
11/13/2015,38970,33996111,866,10.74,0,0,0,58,46,290,280,19.9,36.9
11/14/2015,25299,26157565,867,7.83,0,0,0,49,42,310,320,21,32
11/15/2015,25990,28282816,868,4.7,0,0,0,58,39,240,250,13,21.9
11/16/2015,40916,37463881,869,4.03,0,0,0,67,51,50,50,14.1,19.9
11/17/2015,38939,33569827,870,6.26,0,0,0,52,40,60,50,17,21
11/18/2015,41485,34811922,871,5.14,0,0,0,58,46,140,150,13,21
11/19/2015,21890,19234660,872,5.59,1.25,0,0,64,57,160,160,17,30
11/20/2015,38205,37395968,873,5.82,0,0,0,64,46,290,320,15,21.9
11/21/2015,28038,28376142,874,6.49,0,0,0,53,42,60,30,16.1,21.9
11/22/2015,23343,23419696,875,6.26,0.03,0,0,55,42,360,20,13,21
11/23/2015,30136,24004664,876,5.82,0,0,0,44,33,310,300,13,23
11/24/2015,32218,25710922,877,3.8,0,0,0,46,32,260,250,12.1,16.1
11/25/2015,30295,27439185,878,2.68,0,0,0,50,36,70,60,8.9,13
11/26/2015,13291,18939285,879,2.91,0,0,0,60,41,180,160,8.1,14.1
11/27/2015,22824,25371625,880,3.8,0,0,0,64,51,240,99,8.9,18.1
11/28/2015,15830,17092020,881,NA,0.02,0,0,64,45,NA,NA,NA,NA
11/29/2015,18452,17679183,882,NA,0,0,0,49,38,NA,NA,NA,NA
11/30/2015,30213,23079271,883,5.59,0,0,0,47,33,60,240,13,19
12/1/2015,18399,14219415,884,6.71,0.33,0,0,51,44,110,110,12.1,19
12/2/2015,23782,19273600,885,2.91,0.14,0,0,57,46,270,260,8.9,17
12/3/2015,33917,26762988,886,8.5,0,0,0,55,44,290,300,16.1,27.1
12/4/2015,34737,30333230,887,4.25,0,0,0,51,42,280,310,12.1,18.1
12/5/2015,26358,33569409,888,2.24,0,0,0,51,40,260,250,8.9,12.1
12/6/2015,24943,29453240,889,3.36,0,0,0,53,39,260,260,12.1,16.1
12/7/2015,34139,28896030,890,3.8,0,0,0,54,42,350,270,10.1,16.1
12/8/2015,35614,29257650,891,4.47,0,0,0,49,41,20,40,13,18.1
12/9/2015,35306,30789577,892,4.25,0,0,0,55,40,170,190,13,21.9
12/10/2015,39099,34549244,893,4.25,0,0,0,60,51,260,270,12.1,18.1
12/11/2015,39060,37214970,894,4.7,0,0,0,61,50,250,250,13,19.9
12/12/2015,31957,38357411,895,2.01,0,0,0,66,55,190,250,8.9,16.1
12/13/2015,32001,37742698,896,3.36,0,0,0,67,55,130,140,12.1,18.1
12/14/2015,32518,26391202,897,4.7,0.33,0,0,67,53,160,180,13,19
12/15/2015,38661,31895869,898,10.51,0.09,0,0,68,53,290,310,21,34
12/16/2015,35643,28414519,899,5.37,0.04,0,0,53,46,360,350,14.1,21.9
12/17/2015,21961,18946547,900,4.92,1.21,0,0,59,50,170,170,12.1,18.1
12/18/2015,30704,27087767,901,6.71,0,0,0,57,38,310,320,17,25.9
12/19/2015,17778,15952064,902,9.4,0,0,0,40,35,290,280,19.9,30
12/20/2015,17030,16524125,903,6.04,0,0,0,43,34,310,320,17,25.9
12/21/2015,29800,23108450,904,7.16,0,0,0,56,39,250,240,17,29.1
12/22/2015,22941,18543047,905,4.92,0.19,0,0,62,53,180,260,14.1,19.9
12/23/2015,14817,11893135,906,3.58,1.55,0,0,64,52,180,170,10.1,17
12/24/2015,18447,20855142,907,4.47,0.01,0,0,72,63,270,210,15,27.1
12/25/2015,12333,25835375,908,0.89,0.01,0,0,66,57,310,310,8.1,12.1
12/26/2015,13914,19377811,909,8.05,0,0,0,59,47,40,40,15,21.9
12/27/2015,13177,16701149,910,5.82,0.12,0,0,61,46,310,320,15,25.9
12/28/2015,18889,16794136,911,8.28,0.03,0,0,46,34,90,100,18.1,28
12/29/2015,13347,9699836,912,6.93,0.45,0,0,46,34,100,120,18.1,23.9
12/30/2015,22477,21472348,913,4.03,0.19,0,0,48,38,120,110,8.9,13
12/31/2015,20376,20558372,914,5.37,0.03,0,0,48,42,300,300,14.1,19.9
1/1/2016,11009,13355437,915,7.61,0,0,0,42,34,290,300,17,25.9
1/2/2016,14587,14983372,916,6.71,0,0,0,40,32,290,270,15,23
1/3/2016,15499,14640316,917,7.83,0,0,0,45,35,270,240,17,25.9
1/4/2016,19593,15117224,918,8.5,0,0,0,36,14,40,40,21,31.1
1/5/2016,18053,12317112,919,5.14,0,0,0,29,11,10,20,19.9,30
1/6/2016,24569,20527604,920,3.58,0,0,0,41,25,250,250,13,18.1
1/7/2016,27773,21492252,921,2.46,0,0,0,46,31,260,NA,6.9,NA
1/8/2016,28709,24190101,922,4.25,0,0,0,46,31,80,80,14.1,21
1/9/2016,20846,18561032,923,8.05,0,0,0,47,40,70,80,15,19.9
1/10/2016,14275,13004680,924,9.84,1.8,0,0,59,40,280,290,21.9,35.1
1/11/2016,22937,16426323,925,10.51,0,0,0,40,26,280,280,19.9,35.1
1/12/2016,25211,18459298,926,6.04,0,0,0,44,25,290,280,21.9,35.1
1/13/2016,21133,16842772,927,9.84,0,0,0,30,22,280,260,21,35.1
1/14/2016,23780,18576311,928,4.92,0,0,0,38,22,260,280,15,23
1/15/2016,28435,24717364,929,5.14,0,0,0,51,34,170,170,12.1,18.1
1/16/2016,19178,19467252,930,6.71,0.24,0,0,52,42,310,270,15,21.9
1/17/2016,12024,11796757,931,5.59,0.05,0.4,0,42,30,60,10,13,19
1/18/2016,12718,9517717,932,11.86,0,0,0,31,18,290,280,21.9,35.1
1/19/2016,17281,11578283,933,10.96,0,0,0,28,16,280,280,19.9,34
1/20/2016,23420,17641368,934,5.59,0,0,0,37,27,310,290,14.1,21.9
1/21/2016,23672,19465451,935,6.04,0,0,0,36,26,310,10,15,23
1/22/2016,20950,18679576,936,6.49,0.01,0.2,0,30,21,50,30,16.1,21.9
1/27/2016,6761,7298015,937,6.71,0,0,9,47,34,290,320,15,25.1
1/28/2016,11946,12052510,938,4.47,0,0,6,42,32,250,260,14.1,21.9
1/29/2016,16028,13520788,939,7.83,0,0,6,41,30,310,320,17,32
1/30/2016,12973,11898965,940,6.93,0,0,6,39,28,240,250,16.1,25.1
1/31/2016,16118,15507960,941,5.14,0,0,4,56,36,250,240,14.1,21.9
2/1/2016,24334,19346522,942,5.82,0.01,0,2,59,44,250,260,14.1,21
2/2/2016,28528,24598388,943,3.58,0,0,0,50,38,170,20,12.1,17
2/3/2016,16203,11338548,944,6.49,0.73,0,0,59,42,180,170,18.1,30
2/4/2016,27766,26211102,945,5.82,0,0,0,59,44,20,20,14.1,21
2/5/2016,13670,11419156,946,8.28,0.53,2.5,1,44,31,310,300,17,29.1
2/6/2016,16933,16633363,947,5.59,0,0,0,40,30,250,240,14.1,21.9
2/7/2016,17605,16784886,948,5.37,0,0,0,47,33,60,90,18.1,25.9
2/8/2016,19026,14619623,949,10.51,0.05,0.1,0,39,28,60,40,21,31.1
2/9/2016,22741,17883573,950,4.03,0,0,0,36,27,60,60,14.1,19
2/10/2016,22420,18131273,951,5.82,0.01,0,0,39,31,250,240,16.1,23.9
2/11/2016,18748,15211885,952,10.07,0,0,0,31,18,290,290,19.9,36.9
2/12/2016,16449,15064032,953,6.71,0,0,0,27,15,290,300,15,27.1
2/13/2016,6625,5526857,954,12.3,0,0,0,22,6,290,290,23,40
2/14/2016,4653,4404449,955,6.26,0,0,0,15,-1,310,300,19.9,33.1
2/15/2016,5884,4191730,956,5.37,0.44,1.4,0,35,13,60,60,12.1,17
2/16/2016,14542,10831936,957,7.83,1.01,0,0,54,35,170,170,18.1,40
2/17/2016,23572,18188864,958,7.38,0,0,0,39,35,320,310,14.1,21.9
2/18/2016,22261,19119898,959,7.16,0,0,0,36,27,30,300,15,23
2/19/2016,21959,17399445,960,5.37,0,0,0,39,24,170,180,14.1,23
2/20/2016,24484,30058959,961,7.38,0,0,0,61,39,240,240,16.1,30
2/21/2016,20052,23626005,962,4.92,0.03,0,0,55,44,60,40,14.1,21
2/22/2016,28233,23801684,963,5.14,0,0,0,52,38,70,80,16.1,21.9
2/23/2016,16133,12465756,964,14.54,0.3,0,0,40,35,70,60,23.9,36
2/24/2016,9761,6983081,965,10.51,1.22,0,0,60,36,180,190,21,36.9
2/25/2016,25102,18694085,966,8.95,0.02,0,0,61,37,260,250,19.9,36
2/26/2016,22573,17569595,967,8.72,0,0,0,39,27,290,290,21.9,34
2/27/2016,17226,17517953,968,6.04,0,0,0,41,26,250,250,15,23.9
2/28/2016,25437,31985147,969,7.38,0,0,0,60,38,230,200,17,31.1
2/29/2016,27954,22331963,970,8.5,0.05,0,0,61,47,260,270,15,25.9
3/1/2016,30509,27686389,971,7.61,0,0,0,52,39,170,250,15,25.1
3/2/2016,26195,21268277,972,10.51,0.14,0,0,55,29,310,300,23,40
3/3/2016,24061,19179849,973,5.82,0,0,0,36,26,310,320,16.1,25.1
3/4/2016,17369,13195190,974,8.72,0.11,0.4,0,39,30,30,20,16.1,23.9
3/5/2016,18023,18110768,975,4.25,0,0,0,41,28,360,360,13,18.1
3/6/2016,18832,18469381,976,3.36,0,0,0,44,32,50,50,13,15
3/7/2016,31492,30605274,977,7.83,0,0,0,60,36,230,240,17,30
3/8/2016,36521,32939438,978,3.36,0,0,0,67,47,170,170,14.1,19
3/9/2016,41490,45627224,979,2.24,0,0,0,77,44,240,210,10.1,21.9
3/10/2016,42252,44751710,980,4.92,0,0,0,79,63,250,NA,12.1,NA
3/11/2016,38195,41881752,981,6.04,0.06,0,0,68,48,40,10,17,25.9
3/12/2016,32771,44548580,982,5.14,0,0,0,59,40,250,250,15,23
3/13/2016,27273,36767925,983,3.58,0,0,0,62,50,30,30,12.1,18.1
3/14/2016,11071,8254158,984,14.09,0.29,0,0,51,40,70,60,28,40
3/15/2016,31255,29155129,985,5.37,0,0,0,57,44,70,70,23,36.9
3/16/2016,36127,35505902,986,3.58,0.02,0,0,65,48,190,170,13,18.1
3/17/2016,35249,33937619,987,4.92,0,0,0,63,45,300,300,19.9,32
3/18/2016,34715,32661173,988,8.72,0,0,0,57,42,290,270,21.9,40
3/19/2016,24081,26288855,989,5.14,0,0,0,46,36,40,40,15,23.9
3/20/2016,17036,19528714,990,9.62,0.07,0,0,43,32,60,80,18.1,23.9
3/21/2016,26251,21470332,991,8.05,0.06,0.5,0,50,32,280,290,19.9,33.1
3/22/2016,33381,31016374,992,6.93,0,0,0,56,35,260,240,15,23
3/23/2016,40761,42252165,993,6.04,0,0,0,71,48,250,260,15,25.9
3/24/2016,36634,32966775,994,9.17,0,0,0,55,44,60,70,19.9,25.9
3/25/2016,34035,39452936,995,3.8,0.04,0,0,72,44,290,360,14.1,21.9
3/26/2016,27590,41970667,996,6.49,0,0,0,55,38,60,190,14.1,21
3/27/2016,22623,29131694,997,5.59,0,0,0,55,43,170,180,13,19.9
3/28/2016,20318,17799373,998,10.07,0.38,0,0,62,42,290,270,25.1,45
3/29/2016,31445,27183937,999,11.63,0,0,0,53,40,290,280,25.9,42.9
3/30/2016,33592,32605707,1000,5.37,0,0,0,56,37,190,160,16.1,23.9
3/31/2016,38188,41460933,1001,6.71,0,0,0,73,49,240,250,16.1,28
4/1/2016,34403,36403069,1002,6.71,0.02,0,0,79,61,260,250,12.1,30
4/2/2016,21909,24626039,1003,4.92,0.16,0,0,61,49,190,190,8.9,19.9
4/3/2016,15675,17330887,1004,12.75,0.09,0,0,50,34,280,280,25.1,45
4/4/2016,12284,8299159,1005,7.16,0.47,0,0,45,29,50,30,16.1,25.1
4/5/2016,26182,23685152,1006,8.28,0,0,0,43,26,20,20,21.9,31.1
4/6/2016,29267,26807667,1007,6.04,0,0,0,48,30,180,180,17,36
4/7/2016,30294,25021671,1008,6.93,0.09,0,0,58,48,250,260,19.9,34
4/8/2016,30837,30255338,1009,7.16,0.01,0,0,50,40,280,300,13,29.1
4/9/2016,12839,16085361,1010,6.49,0.11,0,0,43,36,310,320,14.1,25.1
4/10/2016,23298,28589266,1011,4.92,0,0,0,50,31,260,320,13,23.9
4/11/2016,31885,28239952,1012,6.93,0.01,0,0,65,43,260,240,13,21.9
4/12/2016,23869,20075393,1013,5.82,0.2,0,0,59,45,310,320,21,30
4/13/2016,37384,33820636,1014,4.47,0,0,0,58,40,40,40,16.1,25.1
4/14/2016,38465,38484121,1015,6.49,0,0,0,62,43,50,50,11,19.9
4/15/2016,39642,36247302,1016,3.8,0,0,0,65,42,60,60,13,19
4/16/2016,36123,45728432,1017,4.92,0,0,0,68,43,50,40,16.1,19.9
4/17/2016,39045,57567868,1018,2.91,0,0,0,75,44,180,160,8.9,15
4/18/2016,43966,45447368,1019,3.8,0,0,0,82,51,170,170,14.1,21.9
4/19/2016,45987,42063369,1020,7.61,0,0,0,73,55,350,340,16.1,28
4/20/2016,44486,45529892,1021,6.04,0,0,0,69,49,50,50,16.1,21
4/21/2016,45406,43568527,1022,5.59,0,0,0,73,49,260,150,14.1,21
4/22/2016,48686,58011811,1023,4.25,0,0,0,79,62,170,240,10.1,18.1
4/23/2016,33846,48770956,1024,7.16,0.16,0,0,71,54,30,10,16.1,25.1
4/24/2016,38036,54142556,1025,5.82,0,0,0,68,47,30,40,15,25.1
4/25/2016,42323,45041007,1026,4.03,0,0,0,69,50,150,100,8.9,14.1
4/26/2016,34683,33980916,1027,7.16,0.24,0,0,60,47,70,60,17,25.9
4/27/2016,41794,43112763,1028,4.25,0,0,0,62,46,240,210,12.1,19.9
4/28/2016,37467,35029017,1029,4.7,0,0,0,59,48,50,60,13,18.1
4/29/2016,35053,38884482,1030,5.82,0.05,0,0,58,45,60,90,14.1,19.9
4/30/2016,38003,56525981,1031,5.82,0,0,0,65,46,270,170,12.1,18.1
5/1/2016,11051,10749446,1032,4.92,0.16,0,0,51,45,70,170,13,19.9
5/2/2016,38359,39898113,1033,2.24,0.04,0,0,60,45,60,300,8.9,12.1
5/3/2016,22853,22231682,1034,6.04,0.61,0,0,56,51,60,70,14.1,19
5/4/2016,31538,25860454,1035,8.72,0.01,0,0,52,48,60,60,17,23.9
5/5/2016,39762,37970686,1036,8.28,0,0,0,57,46,60,40,15,23
5/6/2016,19073,17163783,1037,7.83,0.54,0,0,54,48,80,60,18.1,28
5/7/2016,30874,38179370,1038,4.47,0,0,0,60,48,80,60,14.1,19
5/8/2016,31408,39881491,1039,4.7,0.16,0,0,66,49,310,300,19.9,31.1
5/9/2016,45641,47581661,1040,5.14,0,0,0,72,52,260,270,18.1,30
5/10/2016,44785,41356965,1041,4.92,0,0,0,63,50,60,250,13,19.9
5/11/2016,51059,50746573,1042,2.46,0,0,0,76,50,250,250,10.1,17
5/12/2016,52259,53154774,1043,3.36,0,0,0,80,56,70,5,12.1,18.1
5/13/2016,32360,31472933,1044,NA,0.25,0,0,65,57,NA,NA,NA,NA
5/14/2016,42106,58014837,1045,NA,0,0,0,73,56,NA,NA,NA,NA
5/15/2016,29058,36303050,1046,NA,0,0,0,59,46,NA,NA,NA,NA
5/16/2016,42537,43985427,1047,NA,0,0,0,66,43,NA,NA,NA,NA
5/17/2016,43407,40859978,1048,3.8,0,0,0,64,52,99,NA,6,NA
5/18/2016,44799,43477243,1049,NA,0,0,0,68,52,NA,NA,NA,NA
5/19/2016,48977,47391024,1050,1.34,0,0,0,73,54,190,180,10.1,21
5/20/2016,52435,57919330,1051,4.47,0,0,0,76,53,50,250,12.1,16.1
5/21/2016,30913,36563161,1052,3.8,0.04,0,0,66,54,150,150,12.1,19
5/22/2016,37771,44719368,1053,3.58,0.09,0,0,70,52,60,50,10.1,14.1
5/23/2016,48527,45865118,1054,2.46,0.02,0,0,78,56,180,170,8.9,16.1
5/24/2016,34737,30723875,1055,2.01,0.18,0,0,73,58,20,30,8.9,14.1
5/25/2016,53202,52469741,1056,4.25,0,0,0,88,61,240,250,10.1,16.1
5/26/2016,52111,49914213,1057,3.58,0,0,0,90,69,180,190,10.1,17
5/27/2016,46977,48931916,1058,3.8,0,0,0,87,73,160,250,13,19.9
5/28/2016,34310,45369902,1059,4.47,0,0,0,92,71,230,240,12.1,23
5/29/2016,37008,53980810,1060,4.92,0,0,0,87,70,170,170,13,23.9
5/30/2016,32577,38554553,1061,3.13,1.65,0,0,82,68,240,330,12.1,30
5/31/2016,49717,45456343,1062,3.13,0,0,0,85,71,70,210,12.1,19.9
6/1/2016,54571,59923282,1063,6.04,0,0,0,83,66,60,60,13,17
6/2/2016,54279,52597843,1064,4.7,0,0,0,78,62,60,50,12.1,16.1
6/3/2016,39055,36256140,1065,1.34,0.04,0,0,70,63,90,140,8.1,10.1
6/4/2016,40950,53444514,1066,2.46,0.4,0,0,83,66,160,180,8.9,13
6/5/2016,22808,23890179,1067,3.36,0.91,0,0,71,65,280,270,18.1,38
6/6/2016,51936,49847952,1068,5.59,0,0,0,83,65,250,290,13,21.9
6/7/2016,51764,47104813,1069,5.14,0,0,0,85,64,310,300,17,30
6/8/2016,42291,34496579,1070,7.61,0.45,0,0,67,52,290,280,17,28
6/9/2016,52696,49735419,1071,8.95,0,0,0,71,54,290,280,21,32
6/10/2016,53264,51042633,1072,5.37,0,0,0,77,57,300,310,14.1,23.9
6/11/2016,40938,45420954,1073,3.36,0,0,0,88,59,270,270,15,25.1
6/12/2016,41126,48711637,1074,8.05,0,0,0,83,62,290,290,21,36
6/13/2016,48927,44284731,1075,7.38,0,0,0,74,57,280,320,14.1,27.1
6/14/2016,54625,50598968,1076,4.25,0,0,0,79,58,20,290,10.1,17
6/15/2016,54991,51645248,1077,2.46,0,0,0,85,62,260,250,12.1,18.1
6/16/2016,46077,39734209,1078,1.79,0.22,0,0,74,65,150,20,8.1,16.1
6/17/2016,54328,53453681,1079,4.7,0,0,0,78,63,70,180,13,19
6/18/2016,48708,62452144,1080,2.68,0,0,0,87,61,160,160,8.9,16.1
6/19/2016,45511,57590584,1081,2.91,0,0,0,88,66,170,170,12.1,19.9
6/20/2016,52387,50336003,1082,3.13,0,0,0,84,64,160,170,12.1,17
6/21/2016,53212,45467203,1083,4.92,0,0,0,87,72,300,300,15,27.1
6/22/2016,55909,52717748,1084,4.03,0,0,0,86,68,290,270,17,25.9
6/23/2016,53168,46745554,1085,2.01,0,0,0,83,69,70,60,8.1,12.1
6/24/2016,54155,51594462,1086,6.26,0,0,0,84,67,60,40,15,21.9
6/25/2016,42963,52189352,1087,3.58,0,0,0,86,64,170,160,8.9,15
6/26/2016,43151,52218806,1088,2.46,0,0,0,87,67,160,170,10.1,17
6/27/2016,47744,42848872,1089,4.92,0.45,0,0,83,67,160,190,12.1,21.9
6/28/2016,49153,43135690,1090,3.58,0.12,0,0,76,68,160,170,12.1,17
6/29/2016,54578,48657239,1091,2.24,0.01,0,0,83,67,270,250,10.1,17
6/30/2016,54715,47007860,1092,2.91,0,0,0,85,67,160,250,8.1,15
7/1/2016,40184,40964184,1093,3.36,0.83,0,0,79,66,170,160,13,21.9
7/2/2016,35559,43819772,1094,5.37,0,0,0,76,63,310,290,13,23.9
7/3/2016,35430,49574285,1095,3.13,0,0,0,78,64,250,270,8.9,16.1
7/4/2016,35327,43758171,1096,3.13,0.49,0,0,84,66,260,250,12.1,21
7/5/2016,43256,38398329,1097,2.91,0.66,0,0,86,69,280,280,12.1,16.1
7/6/2016,51241,45781737,1098,2.46,0,0,0,91,75,170,180,8.1,16.1
7/7/2016,48714,41157860,1099,2.01,0.04,0,0,89,77,260,170,8.9,18.1
7/8/2016,44510,44072905,1100,5.37,0.08,0,0,86,67,60,60,13,18.1
7/9/2016,38694,40727862,1101,4.03,0.53,0,0,72,65,150,140,10.1,16.1
7/10/2016,41513,52323191,1102,4.25,0,0,0,80,66,290,290,12.1,21.9
7/11/2016,52918,47754903,1103,3.36,0,0,0,81,65,60,50,10.1,15
7/12/2016,56254,54084987,1104,4.25,0,0,0,82,68,170,170,13,19
7/13/2016,55450,55592007,1105,4.7,0,0,0,85,71,230,250,10.1,19.9
7/14/2016,50302,46910129,1106,2.91,0.62,0,0,88,73,280,290,19.9,36
7/15/2016,48628,44263819,1107,4.47,0,0,0,88,79,280,290,13,21
7/16/2016,38378,41683167,1108,4.25,0,0,0,90,75,210,210,13,23
7/17/2016,41610,51067782,1109,2.68,0,0,0,89,75,280,170,10.1,16.1
7/18/2016,43768,40641374,1110,5.82,0.35,0,0,93,72,250,280,13,21.9
7/19/2016,54306,50045231,1111,4.92,0,0,0,83,73,320,320,12.1,23
7/20/2016,57129,52281901,1112,3.13,0,0,0,85,68,80,80,10.1,14.1
7/21/2016,54722,50796653,1113,5.14,0,0,0,90,71,220,240,12.1,21
7/22/2016,49389,46613697,1114,6.49,0,0,0,94,74,280,240,16.1,25.9
7/23/2016,37499,40615067,1115,4.92,0,0,0,96,80,290,280,15,23.9
7/24/2016,39941,50620733,1116,4.03,0,0,0,94,75,240,240,8.9,18.1
7/25/2016,35478,30745132,1117,3.36,1,0,0,93,73,60,30,18.1,31.1
7/26/2016,52533,48439139,1118,4.25,0,0,0,89,72,290,290,12.1,21.9
7/27/2016,54121,51544563,1119,2.01,0,0,0,91,74,250,280,8.1,11
7/28/2016,50313,44660410,1120,3.13,0,0,0,95,75,250,240,13,23
7/29/2016,37603,35656860,1121,4.25,1.09,0,0,85,69,60,60,13,18.1
7/30/2016,28185,29728115,1122,3.58,0.25,0,0,84,73,160,180,10.1,19.9
7/31/2016,27983,27049473,1123,4.25,1.08,0,0,78,71,120,120,14.1,19.9
8/1/2016,48842,45087364,1124,4.92,0,0,0,80,69,60,60,13,17
8/2/2016,56638,51044055,1125,6.93,0,0,0,79,68,70,60,16.1,19.9
8/3/2016,56903,52115434,1126,2.91,0,0,0,80,66,180,170,8.9,16.1
8/4/2016,56522,55370094,1127,2.01,0,0,0,81,67,250,200,8.1,15
8/5/2016,53400,51577904,1128,3.8,0,0,0,83,69,240,240,10.1,19
8/6/2016,44137,52487905,1129,5.14,0.05,0,0,87,72,290,300,14.1,21.9
8/7/2016,43997,50382448,1130,4.03,0,0,0,86,70,330,300,10.1,18.1
8/8/2016,52236,49028787,1131,1.34,0,0,0,86,71,60,30,8.1,11
8/9/2016,55974,49842023,1132,2.68,0,0,0,87,71,220,200,10.1,18.1
8/10/2016,50142,44420789,1133,4.03,0.09,0,0,86,75,260,250,12.1,19.9
8/11/2016,47345,40674630,1134,4.47,0.15,0,0,91,74,290,280,13,19.9
8/12/2016,44744,44216287,1135,5.14,0.32,0,0,93,73,250,270,13,21.9
8/13/2016,38972,43236940,1136,4.03,0,0,0,96,81,260,170,12.1,19
8/14/2016,33177,34507556,1137,3.8,0.06,0,0,94,78,280,250,12.1,21.9
8/15/2016,48971,42456324,1138,2.91,0,0,0,92,77,290,290,8.9,14.1
8/16/2016,50448,44851954,1139,4.03,0.11,0,0,87,78,230,250,13,23.9
8/17/2016,53743,49842863,1140,5.37,0.01,0,0,85,77,240,250,17,33.1
8/18/2016,53197,48853250,1141,1.57,0.03,0,0,85,72,50,40,8.9,13
8/19/2016,51744,50745148,1142,2.24,0.01,0,0,88,74,40,20,12.1,16.1
8/20/2016,45720,58002294,1143,4.7,0.82,0,0,83,70,160,160,16.1,23
8/21/2016,35543,43323841,1144,4.25,0.31,0,0,86,73,200,180,12.1,21
8/22/2016,54232,49143347,1145,5.82,0,0,0,79,65,310,300,14.1,29.1
8/23/2016,58453,56380927,1146,1.79,0,0,0,82,61,290,250,8.9,17
8/24/2016,58160,55989197,1147,NA,0,0,0,88,68,280,NA,6,NA
8/25/2016,53448,51566682,1148,NA,0.01,0,0,86,69,NA,NA,NA,NA
8/26/2016,52066,50753201,1149,NA,0,0,0,90,75,NA,NA,NA,NA
8/27/2016,45512,54446698,1150,2.68,0,0,0,89,73,180,170,10.1,17
8/28/2016,44996,52987373,1151,2.46,0,0,0,89,72,99,NA,6.9,NA
8/29/2016,53287,50575686,1152,5.37,0,0,0,91,74,50,10,10.1,19
8/30/2016,57306,52705571,1153,3.13,0,0,0,86,69,60,70,12.1,16.1
8/31/2016,57205,49860627,1154,3.36,0,0,0,89,74,230,240,8.9,17
9/1/2016,38184,30448672,1155,1.79,0.5,0,0,79,69,350,340,10.1,16.1
9/2/2016,52905,51426205,1156,6.04,0,0,0,81,66,50,30,13,18.1
9/3/2016,41677,47957254,1157,6.71,0,0,0,75,66,60,50,15,23.9
9/4/2016,45998,57898851,1158,6.71,0,0,0,80,65,60,50,15,21
9/5/2016,45652,53315694,1159,7.61,0,0,0,84,65,30,20,16.1,27.1
9/6/2016,52625,46149363,1160,9.62,0,0,0,80,71,60,60,18.1,30
9/7/2016,60171,56457604,1161,6.49,0,0,0,85,71,70,30,14.1,21.9
9/8/2016,61403,53550714,1162,2.68,0,0,0,89,71,260,250,10.1,19
9/9/2016,56938,50244857,1163,3.8,0.22,0,0,91,75,280,280,10.1,17
9/10/2016,48180,50227916,1164,4.03,0,0,0,90,74,220,210,10.1,21
9/11/2016,52630,60748062,1165,5.82,0,0,0,83,67,310,280,16.1,28
9/12/2016,61103,58748945,1166,4.25,0,0,0,78,62,60,200,8.9,16.1
9/13/2016,64783,58709656,1167,4.03,0,0,0,83,64,220,240,13,23
9/14/2016,59067,51083814,1168,4.92,0.56,0,0,91,67,50,280,15,28
9/15/2016,67187,60884867,1169,4.92,0,0,0,74,61,60,40,15,23.9
9/16/2016,65241,59709681,1170,2.68,0,0,0,73,61,160,160,8.9,17
9/17/2016,58625,67714117,1171,3.36,0,0,0,77,59,160,200,10.1,19
9/18/2016,52777,55170637,1172,3.58,0,0,0,82,70,250,200,12.1,18.1
9/19/2016,34172,27893448,1173,2.46,0.68,0,0,76,69,280,200,12.1,18.1
9/20/2016,64705,58136733,1174,2.24,0,0,0,82,68,60,360,8.9,12.1
9/21/2016,65366,58284541,1175,3.8,0,0,0,84,68,30,30,12.1,17
9/22/2016,67647,59930538,1176,2.46,0,0,0,86,65,160,180,8.1,14.1
9/23/2016,65425,60574411,1177,1.79,0.01,0,0,87,64,40,40,12.1,17
9/24/2016,53294,57231284,1178,5.14,0.2,0,0,71,58,60,50,14.1,23
9/25/2016,54173,58441090,1179,2.91,0,0,0,70,54,50,60,10.1,15
9/26/2016,60858,52148880,1180,4.47,0,0,0,74,54,160,170,12.1,19.9
9/27/2016,61711,52562510,1181,3.13,0.22,0,0,74,64,260,250,10.1,18.1
9/28/2016,59702,48746830,1182,8.05,0,0,0,69,56,60,70,18.1,27.1
9/29/2016,55313,42923518,1183,11.18,0,0,0,64,57,70,90,21,31.1
9/30/2016,21706,15025508,1184,9.62,0.4,0,0,59,56,80,60,16.1,28
10/1/2016,39405,36933856,1185,7.61,0,0,0,62,56,70,50,16.1,23
10/2/2016,41208,52965658,1186,2.68,0,0,0,63,57,80,40,8.9,12.1
10/3/2016,56267,49258662,1187,2.24,0,0,0,72,60,60,290,6.9,11
10/4/2016,60383,64493367,1188,7.61,0,0,0,69,60,70,60,15,23
10/5/2016,64918,55650163,1189,4.7,0,0,0,67,53,60,60,13,17
10/6/2016,67501,66003306,1190,2.01,0,0,0,73,55,160,170,6.9,13
10/7/2016,65930,63167045,1191,2.46,0,0,0,75,57,160,180,8.9,16.1
10/8/2016,34803,36884585,1192,2.01,0.23,0,0,68,58,300,300,8.1,11
10/9/2016,21702,18849947,1193,7.38,0.55,0,0,65,51,30,30,16.1,28
10/10/2016,52436,47434858,1194,4.7,0,0,0,64,47,350,360,15,23
10/11/2016,58775,49215295,1195,3.58,0,0,0,63,46,60,60,8.9,15
10/12/2016,57476,48236102,1196,1.12,0,0,0,66,53,170,170,8.1,13
10/13/2016,61132,49875086,1197,2.91,0,0,0,67,53,340,NA,12.1,NA
10/14/2016,60476,57405063,1198,4.7,0,0,0,62,47,50,350,12.1,19
10/15/2016,52007,55629211,1199,3.13,0,0,0,65,45,160,160,8.9,14.1
10/16/2016,49203,49936116,1200,4.03,0,0,0,69,53,250,240,10.1,19
10/17/2016,62550,55721484,1201,2.68,0,0,0,81,63,280,210,8.1,14.1
10/18/2016,68107,64562008,1202,4.03,0,0,0,81,67,230,230,14.1,23
10/19/2016,69479,64989639,1203,4.47,0,0,0,85,65,250,240,13,21
10/20/2016,5255,3941909,1204,6.26,0,0,0,70,62,110,110,12.1,17
11/1/2016,55330,47241990,1205,3.13,0,0,0,58,40,150,170,10.1,17
11/2/2016,61998,53500608,1206,3.13,0,0,0,70,54,270,250,10.1,17
11/3/2016,59517,48611456,1207,5.14,0,0,0,72,57,250,250,15,27.1
11/4/2016,57977,50044664,1208,4.7,0,0,0,61,47,300,310,12.1,18.1
11/5/2016,48552,55439008,1209,3.13,0,0,0,62,44,300,310,13,19.9
11/6/2016,40357,41335917,1210,7.61,0,0,0,59,45,20,20,16.1,25.9
11/7/2016,49890,41001021,1211,5.37,0,0,0,53,41,70,40,14.1,19.9
11/8/2016,56603,50764201,1212,2.46,0,0,0,66,41,260,260,8.1,13
11/9/2016,38060,31068984,1213,3.58,0.06,0,0,59,49,30,30,14.1,23
11/10/2016,50871,48490160,1214,5.82,0,0,0,56,40,260,260,14.1,28
11/11/2016,45832,39330532,1215,8.28,0,0,0,63,41,310,300,18.1,35.1
11/12/2016,34667,34371008,1216,5.37,0,0,0,50,37,340,360,12.1,19.9
11/13/2016,36810,37503112,1217,5.37,0,0,0,61,41,240,250,13,19
11/14/2016,48834,45108337,1218,3.58,0,0,0,62,46,270,260,13,19.9
11/15/2016,22896,16417760,1219,5.59,1.81,0,0,56,47,30,20,17,29.1
11/16/2016,53342,44724985,1220,4.03,0,0,0,61,45,240,270,10.1,17
11/17/2016,53895,43523929,1221,4.25,0,0,0,61,49,10,350,13,19.9
11/18/2016,53390,48924628,1222,2.46,0,0,0,64,44,310,360,8.1,13
11/19/2016,41213,48698396,1223,4.92,0.25,0,0,63,37,280,300,18.1,32
11/20/2016,20617,15136261,1224,10.29,0.31,0,0,42,34,280,280,25.1,38.9
11/21/2016,32972,22511053,1225,13.2,0,0,0,41,36,280,290,21.9,38.9
11/22/2016,36749,27217311,1226,9.62,0,0,0,41,37,310,290,21,36.9
11/23/2016,34466,27275812,1227,4.92,0,0,0,45,35,300,290,12.1,19.9
11/24/2016,12122,11422589,1228,4.47,0.03,0,0,48,38,80,120,8.9,14.1
11/25/2016,1615,1077785,1229,2.01,0.02,0,0,54,45,280,270,8.9,13
12/1/2016,43242,33395323,1230,7.61,0.07,0,0,54,42,280,290,19.9,33.1
12/2/2016,42371,31483927,1231,8.72,0,0,0,51,40,290,290,17,28
12/3/2016,29854,26289828,1232,8.72,0,0,0,47,41,310,300,17,33.1
12/4/2016,27455,24525812,1233,4.92,0,0,0,47,39,20,310,12.1,19.9
12/5/2016,35932,28437837,1234,5.59,0.19,0,0,49,38,290,260,15,23.9
12/6/2016,33332,26242436,1235,5.37,0.35,0,0,46,37,60,70,15,21.9
12/7/2016,38021,27126227,1236,3.8,0.09,0,0,46,40,70,80,15,21
12/8/2016,39626,32564652,1237,NA,0,0,0,45,35,NA,NA,NA,NA
12/9/2016,33547,25054971,1238,NA,0,0,0,39,29,310,320,21,36
12/10/2016,22379,16900242,1239,6.04,0,0,0,35,28,300,290,14.1,19.9
12/11/2016,17799,14968744,1240,4.03,0.03,0.4,0,35,28,260,260,12.1,16.1
12/12/2016,29037,20000410,1241,6.26,0.5,0,0,46,34,280,250,13,21
12/13/2016,39025,29705098,1242,4.03,0,0,0,43,35,250,270,13,19
12/14/2016,37808,27683813,1243,5.59,0,0,0,42,34,290,280,14.1,23
12/15/2016,25015,16270197,1244,10.96,0,0,0,34,19,310,290,25.1,40
12/16/2016,24490,17607511,1245,6.04,0,0,0,27,17,280,300,15,25.1
12/17/2016,6993,4977328,1246,4.25,0.73,2.8,2,39,24,240,240,15,25.9
12/18/2016,16295,11682463,1247,7.38,0.04,0,1,58,31,300,310,18.1,31.1
12/19/2016,25649,16931277,1248,6.71,0,0,0,31,23,340,50,14.1,19.9
12/20/2016,27685,19064182,1249,3.13,0,0,0,33,20,250,250,15,21.9
12/21/2016,30625,21611197,1250,2.91,0,0,0,40,30,240,250,13,19
12/22/2016,30889,21801628,1251,6.26,0,0,0,49,37,290,300,16.1,27.1
12/23/2016,26344,21298169,1252,6.49,0,0,0,47,38,250,260,15,21.9
12/24/2016,8014,6491139,1253,4.92,0.47,0,0,47,38,240,250,15,21.9
12/25/2016,9924,13451485,1254,6.26,0,0,0,50,36,70,300,14.1,19.9
12/26/2016,10775,8596781,1255,6.49,0.02,0,0,50,33,90,270,14.1,23.9
12/27/2016,25955,23116812,1256,7.16,0,0,0,60,40,280,260,19.9,33.1
12/28/2016,23601,20084444,1257,5.14,0,0,0,40,34,310,300,14.1,21
12/29/2016,13207,8816390,1258,5.37,0.39,0,0,46,33,270,170,15,25.1
12/30/2016,21375,19264984,1259,9.4,0.01,0,0,40,33,290,280,18.1,29.1
12/31/2016,15928,14781002,1260,6.93,0,0,0,44,31,250,210,15,25.1
1/1/2017,16009,18408317,1261,5.59,0,0,0,48,40,260,310,15,23
1/2/2017,8921,6379414,1262,9.17,0.21,0,0,41,37,70,70,17,25.1
1/3/2017,14198,14204712,1263,10.74,0.58,0,0,43,39,70,60,21,30
1/4/2017,34039,27109797,1264,8.05,0,0,0,52,34,280,290,23.9,36
1/5/2017,28393,18822454,1265,7.83,0,0,0,34,27,250,290,17,27.1
1/6/2017,24177,18405572,1266,4.7,0.05,1.2,1,33,25,360,20,10.1,16.1
1/7/2017,4425,3500262,1267,7.61,0.32,5.1,0,26,20,350,330,17,25.1
1/8/2017,6417,4123111,1268,8.72,0,0,4,25,16,290,280,18.1,30
1/9/2017,15856,10718773,1269,5.14,0,0,3,23,14,250,250,13,21.9
1/10/2017,23232,15918154,1270,4.7,0,0,3,46,21,180,170,14.1,23.9
1/11/2017,32419,29638889,1271,5.82,0.52,0,0,52,42,250,240,16.1,33.1
1/12/2017,39783,30229198,1272,7.61,0.05,0,0,66,47,250,250,16.1,23.9
1/13/2017,33611,26169570,1273,7.16,0,0,0,62,32,300,300,17,28
1/14/2017,13819,10163893,1274,4.25,0.12,0.6,0,34,28,280,60,8.9,12.1
1/15/2017,17384,13949249,1275,4.25,0,0,1,38,30,310,300,10.1,15
1/16/2017,24110,18033495,1276,4.7,0,0,0,43,30,250,250,13,19
1/17/2017,18646,12886499,1277,4.92,0.35,0,0,42,38,70,70,15,19.9
1/18/2017,30857,21750014,1278,5.82,0.06,0,0,41,38,60,60,14.1,19
1/19/2017,36561,30086310,1279,3.58,0,0,0,49,39,320,310,12.1,19
1/20/2017,26752,19018192,1280,4.03,0.1,0,0,45,40,60,110,10.1,14.1
1/21/2017,26610,25693641,1281,3.8,0,0,0,49,41,270,270,12.1,18.1
1/22/2017,20523,17040042,1282,6.71,0.05,0,0,48,43,60,50,21,33.1
1/23/2017,15822,10263882,1283,18.34,1.16,0,0,44,36,70,40,33.1,47
1/24/2017,13171,8543803,1284,10.07,1.18,0,0,38,35,50,50,23.9,36
1/25/2017,36931,26708120,1285,6.71,0,0,0,51,36,310,280,18.1,25.9
1/26/2017,33002,25212498,1286,6.71,0.02,0,0,56,43,290,270,21,38
1/27/2017,32394,23150384,1287,8.95,0,0,0,43,36,290,260,18.1,33.1
1/28/2017,21302,18225289,1288,7.83,0,0,0,39,34,270,260,16.1,27.1
1/29/2017,22527,20376144,1289,5.82,0,0,0,43,35,260,260,15,23.9
1/30/2017,29616,23850845,1290,6.26,0,0,0,37,30,310,330,15,21.9
1/31/2017,25169,16699943,1291,4.03,0.06,1,0,34,26,80,80,12.1,15
2/1/2017,35221,25183919,1292,5.82,0,0,0,47,33,260,250,16.1,25.9
2/2/2017,34517,24058829,1293,5.37,0,0,0,45,32,280,300,16.1,28
2/3/2017,29632,19751705,1294,6.71,0,0,0,33,26,310,310,17,29.1
2/4/2017,19204,14645348,1295,8.5,0,0,0,34,22,310,310,16.1,25.9
2/5/2017,20059,15067912,1296,7.16,0,0,0,43,31,230,240,16.1,28
2/6/2017,33415,24710396,1297,5.14,0,0,0,49,36,170,270,13,19.9
2/7/2017,23053,15016911,1298,6.71,0.27,0,0,42,36,60,70,15,21
2/8/2017,40428,34754301,1299,4.7,0.03,0,0,62,38,360,30,13,17
2/10/2017,1997,2009452,1300,8.5,0,0,8,32,19,280,260,16.1,31.1
2/11/2017,8959,8599283,1301,4.03,0,0,5,48,30,240,240,13,19.9
2/12/2017,5801,4581140,1302,7.16,0.46,0,2,40,30,70,60,17,23
2/13/2017,23857,15575782,1303,12.3,0.02,0,2,39,31,310,310,28,48.1
2/14/2017,29668,20576147,1304,5.37,0,0,2,41,28,250,310,13,19.9
2/15/2017,32052,23206353,1305,6.49,0,0,0,47,35,280,280,18.1,29.1
2/16/2017,29120,19073796,1306,10.51,0,0,0,35,28,310,310,17,29.1
2/17/2017,28735,20343573,1307,8.5,0,0,0,41,26,290,290,16.1,28
2/18/2017,30571,36434850,1308,5.82,0,0,0,63,35,250,240,16.1,28
2/19/2017,36963,43772481,1309,5.59,0,0,0,65,53,270,330,14.1,21.9
2/20/2017,32292,29198680,1310,7.38,0,0,0,55,39,60,40,18.1,25.1
2/21/2017,32643,23605627,1311,5.82,0,0,0,47,34,170,240,14.1,21.9
2/22/2017,38119,28473290,1312,2.91,0,0,0,57,42,240,210,12.1,17
2/23/2017,42434,37332767,1313,3.58,0,0,0,65,44,240,240,13,19.9
2/24/2017,47031,44522910,1314,6.04,0,0,0,70,58,150,170,14.1,21
2/25/2017,33343,34430159,1315,6.71,0.54,0,0,63,44,190,200,19.9,28
2/26/2017,24714,20599159,1316,8.95,0,0,0,44,36,310,300,18.1,29.1
2/27/2017,35984,25861791,1317,5.59,0,0,0,54,35,250,250,16.1,25.9
2/28/2017,41835,32122531,1318,4.03,0,0,0,59,47,160,160,10.1,19
3/1/2017,40592,36055747,1319,6.04,0.12,0,0,70,54,250,260,16.1,31.1
3/2/2017,35739,25440975,1320,11.41,0,0,0,64,35,270,290,25.9,47
3/3/2017,31105,20733016,1321,8.28,0,0,0,39,24,310,300,18.1,35.1
3/4/2017,15646,12291947,1322,8.95,0,0,0,30,17,310,260,19.9,34
3/5/2017,15919,11138910,1323,5.37,0,0,0,37,14,350,300,14.1,23
3/6/2017,32467,24065562,1324,3.36,0,0,0,45,26,180,180,10.1,16.1
3/7/2017,29683,21651011,1325,4.25,0.1,0,0,56,42,160,160,13,19.9
3/8/2017,43469,33242413,1326,7.61,0.02,0,0,59,47,250,270,17,31.1
3/9/2017,45252,37213986,1327,8.72,0,0,0,61,47,280,270,23,38.9
3/10/2017,18412,13383325,1328,7.61,0.31,2.1,0,47,23,310,290,19.9,33.1
3/11/2017,15185,10288847,1329,9.62,0,0,1,29,17,290,330,18.1,32
3/12/2017,13442,10926396,1330,8.95,0,0,0,29,19,280,300,17,25.1
3/13/2017,27417,21313555,1331,4.47,0,0,0,36,20,170,180,14.1,21.9
3/17/2017,7098,9697136,1332,6.49,0,0,4,47,29,280,290,15,21.9
3/18/2017,4106,5162275,1333,8.72,0.08,0,3,39,34,70,60,19.9,27.1
3/19/2017,10550,11476521,1334,8.28,0,0,3,47,34,60,70,18.1,29.1
3/20/2017,27378,24688862,1335,5.14,0,0,0,52,33,40,40,14.1,21.9
3/21/2017,36824,29460867,1336,4.03,0,0,0,59,42,270,270,13,18.1
3/22/2017,26927,18253823,1337,11.41,0,0,0,50,24,310,310,23.9,42.1
3/23/2017,29885,21968345,1338,4.92,0,0,0,42,23,310,310,13,17
3/24/2017,34018,24691789,1339,6.26,0,0,0,57,36,250,240,15,23
3/25/2017,29646,29475891,1340,6.71,0.01,0,0,62,42,30,260,16.1,23.9
3/26/2017,19893,16115188,1341,8.28,0.14,0,0,42,37,70,70,18.1,23.9
3/27/2017,26301,19765644,1342,4.25,0.26,0,0,53,37,60,50,12.1,17
3/28/2017,21589,14263974,1343,5.82,0.72,0,0,46,41,70,60,14.1,21
3/29/2017,42430,35551207,1344,7.83,0,0,0,60,42,30,40,18.1,27.1
3/30/2017,39746,31634644,1345,5.82,0.01,0,0,52,38,60,60,15,19.9
3/31/2017,6946,4549571,1346,10.29,1.51,0,0,43,37,70,60,25.9,40.9
4/1/2017,23849,26620962,1347,7.61,0,0,0,48,37,70,60,25.9,38.9
4/2/2017,39780,56122730,1348,5.37,0,0,0,63,40,290,310,14.1,23.9
4/3/2017,43485,47275459,1349,4.92,0.03,0,0,63,48,170,180,18.1,23.9
4/4/2017,29991,30374542,1350,6.93,1.18,0,0,51,45,80,90,18.1,25.1
4/5/2017,47636,56111095,1351,3.36,0,0,0,65,45,120,170,14.1,25.1
4/6/2017,18020,17375286,1352,9.17,0.73,0,0,53,40,60,70,21.9,30
4/7/2017,35779,26300658,1353,10.51,0,0,0,51,40,290,290,17,30
4/8/2017,35936,41538196,1354,8.28,0,0,0,57,40,310,300,17,28
4/9/2017,43896,61365937,1355,4.92,0,0,0,67,45,240,240,13,23
4/10/2017,50424,63589636,1356,6.04,0,0,0,74,53,160,230,13,19.9
4/11/2017,57310,80496106,1357,5.59,0,0,0,80,61,260,240,14.1,23
4/12/2017,51188,44820302,1358,2.91,0.02,0,0,76,58,40,300,10.1,21
4/13/2017,52915,49263055,1359,5.14,0,0,0,65,48,350,310,14.1,23
4/14/2017,52232,60094352,1360,3.8,0,0,0,66,48,180,180,10.1,18.1
4/15/2017,42531,49680588,1361,5.59,0,0,0,65,51,180,240,12.1,19
4/16/2017,48140,89063162,1362,7.38,0,0,0,87,59,310,310,21,36.9
4/17/2017,53247,48922980,1363,6.71,0,0,0,74,58,360,340,14.1,23.9
4/18/2017,53809,47451850,1364,6.93,0,0,0,65,47,170,170,15,23.9
4/19/2017,45787,34778458,1365,5.59,0,0,0,54,45,180,160,16.1,23
4/20/2017,44264,52349655,1366,4.03,0.17,0,0,66,50,140,150,13,19.9
4/21/2017,39868,31502105,1367,7.38,0.29,0,0,53,48,70,50,14.1,19
4/22/2017,34596,35259375,1368,3.58,0.11,0,0,57,49,20,310,10.1,16.1
4/23/2017,49107,60980887,1369,4.92,0,0,0,66,46,160,20,12.1,17
4/24/2017,48692,40992320,1370,3.58,0,0,0,60,48,60,60,10.1,14.1
4/25/2017,20332,14143052,1371,13.2,0.91,0,0,54,49,70,60,25.1,38.9
4/26/2017,37727,28773007,1372,4.92,0.34,0,0,60,53,70,60,18.1,23.9
4/27/2017,52035,46800165,1373,2.91,0,0,0,70,57,160,160,16.1,21.9
4/28/2017,62199,62483163,1374,3.13,0,0,0,85,58,210,190,12.1,19
4/29/2017,57701,77625634,1375,5.14,0.06,0,0,85,64,280,290,23,36.9
4/30/2017,42928,46194111,1376,6.71,0,0,0,67,52,80,150,14.1,21.9
5/1/2017,56218,52935949,1377,5.14,0,0,0,74,49,180,180,12.1,21
5/2/2017,61207,66025734,1378,7.83,0,0,0,75,62,270,240,19.9,32
5/3/2017,59252,62479148,1379,8.28,0,0,0,65,51,310,310,18.1,31.1
5/4/2017,57429,58010288,1380,5.37,0,0,0,64,47,170,160,13,21.9
5/5/2017,24009,18624137,1381,6.49,3.02,0,0,59,51,70,50,16.1,23
5/6/2017,46618,49905291,1382,6.04,0.18,0,0,67,52,180,170,15,25.9
5/7/2017,34293,31632159,1383,5.59,0.01,0,0,56,47,280,270,14.1,21.9
5/8/2017,51553,43483190,1384,5.82,0,0,0,57,44,290,290,15,25.9
5/9/2017,56461,47165396,1385,4.47,0,0,0,63,47,50,60,12.1,17
5/10/2017,58454,54330595,1386,3.36,0,0,0,63,49,330,NA,6.9,NA
5/11/2017,57208,47661339,1387,3.58,0,0,0,62,51,170,NA,6.9,NA
5/12/2017,56675,50891669,1388,4.03,0,0,0,65,48,80,160,12.1,17
5/13/2017,5704,6663061,1389,7.61,1.61,0,0,53,45,50,50,18.1,31.1
5/14/2017,38729,40821600,1390,5.37,0.02,0,0,67,46,310,290,15,30
5/15/2017,54715,46682935,1391,8.95,0,0,0,68,53,300,310,18.1,34
5/16/2017,64504,59756467,1392,4.25,0,0,0,79,56,300,290,12.1,18.1
5/17/2017,65794,67657838,1393,5.59,0,0,0,90,65,250,240,12.1,23
5/18/2017,63753,58349127,1394,5.59,0,0,0,92,75,250,200,14.1,23
5/19/2017,62143,59012322,1395,6.26,0,0,0,91,66,40,40,16.1,25.1
5/20/2017,47859,52104315,1396,4.03,0.01,0,0,65,55,60,60,16.1,23
5/21/2017,54874,69951163,1397,4.03,0,0,0,69,52,170,170,12.1,19
5/22/2017,24627,18357196,1398,2.68,0.59,0,0,61,53,140,140,10.1,16.1
5/23/2017,60032,57292978,1399,2.24,0,0,0,69,56,20,20,10.1,15
5/24/2017,60622,60540228,1400,4.92,0.04,0,0,69,56,60,80,14.1,19
5/25/2017,17495,12208613,1401,8.05,0.58,0,0,59,56,50,80,16.1,28
5/26/2017,53768,56887748,1402,4.92,0.1,0,0,73,56,290,270,16.1,25.1
5/27/2017,46534,56077065,1403,3.13,0,0,0,71,59,120,290,8.1,13
5/28/2017,46727,69943846,1404,4.47,0,0,0,71,58,160,170,12.1,21
5/29/2017,26322,24053968,1405,5.14,0.13,0,0,61,56,60,80,12.1,14.1
5/30/2017,50194,43962572,1406,2.68,0.06,0,0,60,55,160,150,12.1,17
5/31/2017,59495,54338401,1407,2.46,0.03,0,0,75,58,60,50,12.1,17
6/1/2017,67403,63857360,1408,3.8,0,0,0,79,59,280,270,13,21.9
6/2/2017,66907,65322989,1409,4.47,0.01,0,0,76,57,280,260,16.1,23.9
6/3/2017,56264,65502428,1410,3.58,0.01,0,0,73,55,300,320,13,23.9
6/4/2017,40138,42642853,1411,2.24,0.09,0,0,70,56,180,150,8.1,14.1
6/5/2017,55883,52439836,1412,4.92,0.02,0,0,67,58,70,60,16.1,21.9
6/6/2017,41268,30651985,1413,7.16,0.06,0,0,58,52,80,80,13,23
6/7/2017,64453,61424412,1414,3.36,0,0,0,67,51,50,60,12.1,17
6/8/2017,62653,58607141,1415,3.8,0,0,0,69,55,160,140,8.9,15
6/9/2017,66506,77760038,1416,4.7,0,0,0,80,53,280,300,13,21
6/10/2017,57087,73326394,1417,3.58,0,0,0,85,66,250,260,14.1,23
6/11/2017,51427,62967754,1418,5.14,0,0,0,90,72,270,270,14.1,25.9
6/12/2017,57871,54494748,1419,3.8,0,0,0,93,76,270,260,12.1,18.1
6/13/2017,60921,55610774,1420,3.13,0,0,0,94,77,250,250,10.1,19.9
6/14/2017,60513,63260894,1421,4.7,0.29,0,0,84,69,50,50,13,19
6/15/2017,64763,71553295,1422,4.25,0,0,0,76,64,170,160,12.1,19
6/16/2017,56403,56159532,1423,5.14,0,0,0,68,63,120,120,10.1,17
6/17/2017,34900,38691472,1424,2.24,1.39,0,0,74,66,170,140,6.9,11
6/18/2017,49472,67447897,1425,3.58,0,0,0,85,70,180,170,10.1,21
6/19/2017,38310,37080222,1426,3.8,1.35,0,0,88,70,250,290,13,34
6/20/2017,64673,67498873,1427,5.14,0.03,0,0,83,71,290,250,15,23.9
6/21/2017,67218,70372041,1428,4.7,0,0,0,83,71,270,270,13,23
6/22/2017,66308,69676806,1429,2.24,0,0,0,83,68,240,180,8.1,19
6/23/2017,55323,54441877,1430,4.92,0.04,0,0,83,76,240,270,15,25.9
6/24/2017,52153,64792187,1431,5.37,1.29,0,0,84,71,290,280,17,28
6/25/2017,54655,76091900,1432,2.46,0,0,0,83,68,350,280,12.1,21.9
6/26/2017,62669,75695391,1433,3.13,0,0,0,79,64,270,180,12.1,19
6/27/2017,64767,64010027,1434,3.58,0.18,0,0,77,60,290,290,12.1,19.9
6/28/2017,67752,80132796,1435,4.92,0,0,0,78,61,260,260,15,21.9
6/29/2017,64272,67156224,1436,5.37,0,0,0,82,68,240,240,12.1,21.9
6/30/2017,58662,69029868,1437,5.82,0,0,0,88,73,230,250,13,23.9
7/1/2017,36737,50882019,1438,4.03,0.23,0,0,85,71,260,200,14.1,23.9
7/2/2017,43036,69462762,1439,4.92,0,0,0,87,72,270,260,12.1,19
7/3/2017,48193,61921034,1440,1.79,0.45,0,0,88,71,340,320,16.1,28
7/4/2017,49924,75966148,1441,2.68,0,0,0,85,70,260,80,8.1,11
7/5/2017,60321,65169376,1442,4.92,0,0,0,85,70,160,180,12.1,19
7/6/2017,62147,65977035,1443,3.58,0,0,0,77,71,160,150,10.1,14.1
7/7/2017,44068,41784883,1444,5.37,1.78,0,0,80,68,70,310,14.1,21.9
7/8/2017,55015,66935819,1445,3.36,0,0,0,84,69,280,260,16.1,23
7/9/2017,57118,69903995,1446,3.58,0,0,0,81,67,270,290,12.1,17
7/10/2017,60907,60541361,1447,3.36,0,0,0,84,68,150,170,10.1,19.9
7/11/2017,61671,58658915,1448,3.13,0,0,0,85,75,260,260,13,21.9
7/12/2017,61786,57417746,1449,5.14,0,0,0,88,77,270,260,16.1,25.1
7/13/2017,56475,58730811,1450,4.92,0,0,0,90,73,260,270,14.1,21.9
7/14/2017,31851,31567033,1451,4.7,0.35,0,0,73,65,70,70,13,17
7/15/2017,56499,64393621,1452,3.36,0,0,0,84,68,280,290,12.1,17
7/16/2017,56833,73278851,1453,2.68,0,0,0,87,68,160,150,8.9,16.1
7/17/2017,62555,62443295,1454,2.68,0,0,0,85,73,160,170,12.1,21
7/18/2017,66234,66192151,1455,2.91,0,0,0,88,73,230,240,10.1,18.1
7/19/2017,63915,62193469,1456,3.13,0,0,0,92,77,280,280,12.1,16.1
7/20/2017,59663,54365296,1457,2.91,0.01,0,0,94,77,280,250,12.1,17
7/21/2017,60072,56816373,1458,3.8,0,0,0,92,76,280,260,10.1,18.1
7/22/2017,48011,54644230,1459,2.46,0.57,0,0,92,71,170,150,8.1,13
7/23/2017,46942,49233583,1460,2.68,0.06,0,0,79,71,150,160,10.1,17
7/24/2017,43792,39471064,1461,6.71,0.74,0,0,73,63,70,80,15,23
7/25/2017,65336,58342927,1462,5.14,0,0,0,71,62,60,60,10.1,14.1
7/26/2017,70323,67827546,1463,3.8,0,0,0,77,65,70,180,8.9,17
7/27/2017,65769,57774468,1464,2.46,0,0,0,78,65,260,240,8.9,17
7/28/2017,63899,58531412,1465,2.91,0,0,0,85,71,50,30,12.1,17
7/29/2017,52947,55161477,1466,9.4,0,0,0,77,67,60,60,17,25.1
7/30/2017,59342,67755618,1467,4.25,0,0,0,82,64,60,50,12.1,16.1
7/31/2017,64218,56639437,1468,2.01,0,0,0,88,66,70,260,8.9,14.1
8/1/2017,66677,70676344,1469,2.68,0,0,0,92,71,150,240,8.1,14.1
8/2/2017,56184,67509378,1470,1.57,0.09,0,0,86,69,310,320,12.1,19
8/3/2017,66149,76036485,1471,1.79,0,0,0,87,68,160,150,8.9,19
8/4/2017,56394,62720692,1472,4.25,0.15,0,0,84,69,160,140,13,21.9
8/5/2017,58971,86403991,1473,4.47,0.3,0,0,78,69,290,290,14.1,21.9
8/6/2017,56476,76400473,1474,3.8,0,0,0,76,64,280,330,10.1,16.1
8/7/2017,23395,17247348,1475,2.46,0.76,0,0,71,64,150,170,8.9,18.1
8/8/2017,65233,70933079,1476,2.91,0,0,0,78,65,60,20,8.9,15
8/9/2017,67884,88924174,1477,1.34,0,0,0,85,64,180,200,8.1,14.1
8/10/2017,66249,65043187,1478,2.24,0,0,0,83,68,160,150,8.9,16.1
8/11/2017,63140,73794253,1479,2.68,0,0,0,82,69,160,160,12.1,18.1
8/12/2017,60540,84026909,1480,3.36,0.11,0,0,77,64,140,180,8.9,16.1
8/13/2017,57518,75069588,1481,3.8,0,0,0,83,71,20,280,10.1,17
8/14/2017,61482,85959238,1482,2.24,0,0,0,80,70,250,170,8.9,13
8/15/2017,52461,48987892,1483,1.12,0.45,0,0,74,68,230,250,8.1,13
8/16/2017,68436,73566605,1484,2.24,0,0,0,87,70,60,290,10.1,15
8/17/2017,66656,70355951,1485,3.13,0,0,0,83,69,160,160,10.1,16.1
8/18/2017,36620,37615955,1486,3.36,0.88,0,0,82,73,250,240,10.1,19
8/19/2017,62442,90668746,1487,2.91,0,0,0,86,73,260,260,12.1,17
8/20/2017,55442,67565944,1488,4.47,0,0,0,81,69,290,340,10.1,18.1
8/21/2017,61059,67451602,1489,3.36,0,0,0,87,71,240,250,12.1,19
8/22/2017,60541,71522374,1490,5.14,0.3,0,0,89,72,250,270,14.1,25.1
8/23/2017,65070,79090558,1491,4.03,0,0,0,81,70,280,310,10.1,19.9
8/24/2017,66307,79561566,1492,3.13,0,0,0,80,65,360,280,10.1,15
8/25/2017,64217,65450841,1493,2.46,0,0,0,78,63,60,50,8.9,15
8/26/2017,50109,57535224,1494,3.8,0,0,0,78,62,40,60,8.9,14.1
8/27/2017,54598,74045821,1495,4.47,0,0,0,78,63,70,60,13,17
8/28/2017,60886,61460339,1496,6.26,0,0,0,76,63,70,50,16.1,21.9
8/29/2017,35152,31383147,1497,8.05,0.29,0,0,68,61,80,90,16.1,25.1
8/30/2017,65329,64061738,1498,5.14,0.01,0,0,78,60,40,30,13,18.1
8/31/2017,64881,60233328,1499,3.8,0,0,0,81,64,270,270,14.1,23
9/1/2017,54881,55634474,1500,4.92,0,0,0,71,55,300,280,10.1,19
9/2/2017,37812,48558503,1501,5.59,0.53,0,0,68,54,120,110,10.1,17
9/3/2017,30955,37332271,1502,5.59,0.74,0,0,69,59,100,120,12.1,19
9/4/2017,55285,75436428,1503,4.7,0,0,0,80,61,240,270,12.1,21.9
9/5/2017,65445,68107076,1504,3.13,0,0,0,85,69,290,280,15,25.1
9/6/2017,42295,35230318,1505,3.8,0.42,0,0,72,61,60,30,14.1,21.9
9/7/2017,69519,70349049,1506,4.92,0.01,0,0,71,59,250,260,14.1,25.9
9/8/2017,69574,66346250,1507,3.8,0,0,0,71,58,280,280,13,21.9
9/9/2017,60155,68460141,1508,4.03,0,0,0,70,55,70,40,12.1,18.1
9/10/2017,60711,68457603,1509,5.82,0,0,0,72,57,50,60,15,21
9/11/2017,71917,70531473,1510,2.01,0,0,0,76,55,10,30,8.9,12.1
9/12/2017,74580,69183896,1511,1.34,0,0,0,78,59,260,260,8.1,15
9/13/2017,69566,67018425,1512,2.46,0.06,0,0,83,64,250,260,8.9,17
9/14/2017,72071,63199308,1513,2.24,0.02,0,0,81,70,150,240,10.1,18.1
9/15/2017,72297,74814470,1514,1.57,0,0,0,81,67,250,250,8.1,12.1
9/16/2017,61036,67217804,1515,2.91,0,0,0,82,70,150,160,8.9,14.1
9/17/2017,59967,67214582,1516,2.68,0,0,0,81,68,170,170,8.1,13
9/18/2017,64130,56402097,1517,6.93,0,0,0,73,68,70,80,13,18.1
9/19/2017,57910,48540272,1518,9.84,0.22,0,0,78,69,60,50,21,29.1
9/20/2017,71150,65424314,1519,6.26,0,0,0,79,71,10,30,15,25.1
9/21/2017,67742,61353350,1520,5.59,0,0,0,80,71,50,10,13,19.9
9/22/2017,70127,72541285,1521,7.16,0,0,0,82,66,20,30,14.1,23
9/23/2017,62687,82291523,1522,4.7,0,0,0,87,68,60,40,12.1,18.1
9/24/2017,57458,63905352,1523,1.57,0,0,0,91,69,30,30,8.9,12.1
9/25/2017,69200,61002925,1524,2.91,0,0,0,88,70,50,150,8.9,14.1
9/26/2017,71518,60574190,1525,2.01,0,0,0,84,68,70,60,8.1,12.1
9/27/2017,69897,60200759,1526,3.8,0,0,0,87,69,60,50,12.1,16.1
9/28/2017,70883,60845452,1527,5.82,0,0,0,79,59,300,310,15,23.9
9/29/2017,67177,59783242,1528,2.46,0,0,0,68,55,270,280,8.9,15
9/30/2017,50153,46673822,1529,6.26,0,0,0,66,54,60,30,17,23
